"dataset","subtype","patient_id","celltype","cell_count","total_cells","percentage"
"GSE113196_Normal","Normal","""Ind4","Basal_Epithelial",118,4080,2.8921568627451
"GSE113196_Normal","Normal","""Ind4","Cycling_Basal_Myoepithelial",5,4080,0.122549019607843
"GSE113196_Normal","Normal","""Ind4","Fibroblast_Stromal",41,4080,1.00490196078431
"GSE113196_Normal","Normal","""Ind4","Luminal_Epithelial",1006,4080,24.656862745098
"GSE113196_Normal","Normal","""Ind4","Luminal_Epithelial_Cycling",40,4080,0.980392156862745
"GSE113196_Normal","Normal","""Ind4","Luminal_Secretory",1592,4080,39.0196078431373
"GSE113196_Normal","Normal","""Ind4","Myoepithelial",1235,4080,30.2696078431373
"GSE113196_Normal","Normal","""Ind4","Myoepithelial_Basal",43,4080,1.05392156862745
"GSE113196_Normal","Normal","""Ind5","Basal_Epithelial",1501,6939,21.6313589854446
"GSE113196_Normal","Normal","""Ind5","Cycling_Basal_Myoepithelial",13,6939,0.187346879953884
"GSE113196_Normal","Normal","""Ind5","Luminal_Epithelial",1499,6939,21.6025363885286
"GSE113196_Normal","Normal","""Ind5","Luminal_Epithelial_Cycling",68,6939,0.979968295143392
"GSE113196_Normal","Normal","""Ind5","Luminal_Secretory",826,6939,11.9037325263006
"GSE113196_Normal","Normal","""Ind5","Myoepithelial",1356,6939,19.5417207090359
"GSE113196_Normal","Normal","""Ind5","Myoepithelial_Basal",1674,6939,24.124513618677
"GSE113196_Normal","Normal","""Ind5","Unresolved_Singleton",2,6939,0.0288225969159821
"GSE113196_Normal","Normal","""Ind6","Basal_Epithelial",2544,6012,42.315369261477
"GSE113196_Normal","Normal","""Ind6","Cycling_Basal_Myoepithelial",266,6012,4.42448436460413
"GSE113196_Normal","Normal","""Ind6","Fibroblast_Stromal",2,6012,0.0332667997338656
"GSE113196_Normal","Normal","""Ind6","Luminal_Epithelial",835,6012,13.8888888888889
"GSE113196_Normal","Normal","""Ind6","Luminal_Epithelial_Cycling",107,6012,1.77977378576181
"GSE113196_Normal","Normal","""Ind6","Luminal_Secretory",783,6012,13.0239520958084
"GSE113196_Normal","Normal","""Ind6","Myoepithelial",895,6012,14.8868928809049
"GSE113196_Normal","Normal","""Ind6","Myoepithelial_Basal",580,6012,9.64737192282102
"GSE113196_Normal","Normal","""Ind7","Basal_Epithelial",11,7521,0.14625714665603
"GSE113196_Normal","Normal","""Ind7","Fibroblast_Stromal",1,7521,0.0132961042414573
"GSE113196_Normal","Normal","""Ind7","Luminal_Epithelial",5831,7521,77.5295838319372
"GSE113196_Normal","Normal","""Ind7","Luminal_Epithelial_Cycling",448,7521,5.95665470017285
"GSE113196_Normal","Normal","""Ind7","Luminal_Secretory",316,7521,4.20156894030049
"GSE113196_Normal","Normal","""Ind7","Myoepithelial",909,7521,12.0861587554846
"GSE113196_Normal","Normal","""Ind7","Myoepithelial_Basal",5,7521,0.0664805212072863
"GSE176078_Tumor","ER_Positive","CID3941","B-cells",51,575,8.8695652173913
"GSE176078_Tumor","ER_Positive","CID3941","CAFs",4,575,0.695652173913043
"GSE176078_Tumor","ER_Positive","CID3941","Cancer Epithelial",161,575,28
"GSE176078_Tumor","ER_Positive","CID3941","Endothelial",44,575,7.65217391304348
"GSE176078_Tumor","ER_Positive","CID3941","Myeloid",27,575,4.69565217391304
"GSE176078_Tumor","ER_Positive","CID3941","PVL",25,575,4.34782608695652
"GSE176078_Tumor","ER_Positive","CID3941","T-cells",263,575,45.7391304347826
"GSE176078_Tumor","ER_Positive","CID3948","B-cells",80,2232,3.584229390681
"GSE176078_Tumor","ER_Positive","CID3948","CAFs",15,2232,0.672043010752688
"GSE176078_Tumor","ER_Positive","CID3948","Cancer Epithelial",253,2232,11.3351254480287
"GSE176078_Tumor","ER_Positive","CID3948","Endothelial",83,2232,3.71863799283154
"GSE176078_Tumor","ER_Positive","CID3948","Myeloid",119,2232,5.33154121863799
"GSE176078_Tumor","ER_Positive","CID3948","PVL",59,2232,2.64336917562724
"GSE176078_Tumor","ER_Positive","CID3948","Plasmablasts",191,2232,8.5573476702509
"GSE176078_Tumor","ER_Positive","CID3948","T-cells",1432,2232,64.15770609319
"GSE176078_Tumor","ER_Positive","CID4040","B-cells",92,2435,3.7782340862423
"GSE176078_Tumor","ER_Positive","CID4040","CAFs",123,2435,5.05133470225873
"GSE176078_Tumor","ER_Positive","CID4040","Endothelial",201,2435,8.25462012320328
"GSE176078_Tumor","ER_Positive","CID4040","Myeloid",42,2435,1.72484599589322
"GSE176078_Tumor","ER_Positive","CID4040","PVL",414,2435,17.0020533880903
"GSE176078_Tumor","ER_Positive","CID4040","Plasmablasts",70,2435,2.87474332648871
"GSE176078_Tumor","ER_Positive","CID4040","T-cells",1493,2435,61.3141683778234
"GSE176078_Tumor","ER_Positive","CID4067","B-cells",48,3349,1.43326366079427
"GSE176078_Tumor","ER_Positive","CID4067","CAFs",132,3349,3.94147506718423
"GSE176078_Tumor","ER_Positive","CID4067","Cancer Epithelial",1974,3349,58.9429680501642
"GSE176078_Tumor","ER_Positive","CID4067","Endothelial",184,3349,5.49417736637802
"GSE176078_Tumor","ER_Positive","CID4067","Myeloid",261,3349,7.79337115556883
"GSE176078_Tumor","ER_Positive","CID4067","PVL",77,3349,2.2991937891908
"GSE176078_Tumor","ER_Positive","CID4067","T-cells",673,3349,20.0955509107196
"GSE176078_Tumor","ER_Positive","CID4290A","B-cells",99,4975,1.98994974874372
"GSE176078_Tumor","ER_Positive","CID4290A","CAFs",272,4975,5.46733668341709
"GSE176078_Tumor","ER_Positive","CID4290A","Cancer Epithelial",3380,4975,67.9396984924623
"GSE176078_Tumor","ER_Positive","CID4290A","Endothelial",296,4975,5.94974874371859
"GSE176078_Tumor","ER_Positive","CID4290A","Myeloid",334,4975,6.71356783919598
"GSE176078_Tumor","ER_Positive","CID4290A","Normal Epithelial",14,4975,0.281407035175879
"GSE176078_Tumor","ER_Positive","CID4290A","PVL",130,4975,2.61306532663317
"GSE176078_Tumor","ER_Positive","CID4290A","T-cells",450,4975,9.04522613065327
"GSE176078_Tumor","ER_Positive","CID4398","B-cells",34,4397,0.773254491698886
"GSE176078_Tumor","ER_Positive","CID4398","CAFs",176,4397,4.00272913350011
"GSE176078_Tumor","ER_Positive","CID4398","Endothelial",100,4397,2.27427791676143
"GSE176078_Tumor","ER_Positive","CID4398","Myeloid",223,4397,5.07163975437799
"GSE176078_Tumor","ER_Positive","CID4398","PVL",85,4397,1.93313622924721
"GSE176078_Tumor","ER_Positive","CID4398","Plasmablasts",80,4397,1.81942233340914
"GSE176078_Tumor","ER_Positive","CID4398","T-cells",3699,4397,84.1255401410052
"GSE176078_Tumor","ER_Positive","CID4461","CAFs",31,414,7.48792270531401
"GSE176078_Tumor","ER_Positive","CID4461","Cancer Epithelial",190,414,45.8937198067633
"GSE176078_Tumor","ER_Positive","CID4461","Endothelial",94,414,22.7053140096618
"GSE176078_Tumor","ER_Positive","CID4461","Myeloid",42,414,10.1449275362319
"GSE176078_Tumor","ER_Positive","CID4461","PVL",11,414,2.65700483091787
"GSE176078_Tumor","ER_Positive","CID4461","Plasmablasts",30,414,7.2463768115942
"GSE176078_Tumor","ER_Positive","CID4461","T-cells",16,414,3.86473429951691
"GSE176078_Tumor","ER_Positive","CID4463","CAFs",25,1083,2.3084025854109
"GSE176078_Tumor","ER_Positive","CID4463","Cancer Epithelial",630,1083,58.1717451523546
"GSE176078_Tumor","ER_Positive","CID4463","Endothelial",77,1083,7.10987996306556
"GSE176078_Tumor","ER_Positive","CID4463","Myeloid",99,1083,9.14127423822715
"GSE176078_Tumor","ER_Positive","CID4463","Normal Epithelial",21,1083,1.93905817174515
"GSE176078_Tumor","ER_Positive","CID4463","PVL",31,1083,2.86241920590951
"GSE176078_Tumor","ER_Positive","CID4463","T-cells",200,1083,18.4672206832872
"GSE176078_Tumor","ER_Positive","CID4471","B-cells",96,8179,1.17373762073603
"GSE176078_Tumor","ER_Positive","CID4471","CAFs",1246,8179,15.2341362024697
"GSE176078_Tumor","ER_Positive","CID4471","Cancer Epithelial",163,8179,1.99290866854139
"GSE176078_Tumor","ER_Positive","CID4471","Endothelial",2671,8179,32.6568040102702
"GSE176078_Tumor","ER_Positive","CID4471","Myeloid",266,8179,3.25223132412275
"GSE176078_Tumor","ER_Positive","CID4471","Normal Epithelial",1804,8179,22.0564861229979
"GSE176078_Tumor","ER_Positive","CID4471","PVL",1254,8179,15.3319476708644
"GSE176078_Tumor","ER_Positive","CID4471","Plasmablasts",49,8179,0.599095243917349
"GSE176078_Tumor","ER_Positive","CID4471","T-cells",630,8179,7.7026531360802
"GSE176078_Tumor","ER_Positive","CID4530N","CAFs",365,4145,8.80579010856454
"GSE176078_Tumor","ER_Positive","CID4530N","Cancer Epithelial",1556,4145,37.5392038600724
"GSE176078_Tumor","ER_Positive","CID4530N","Endothelial",991,4145,23.9083232810615
"GSE176078_Tumor","ER_Positive","CID4530N","Myeloid",93,4145,2.24366706875754
"GSE176078_Tumor","ER_Positive","CID4530N","Normal Epithelial",339,4145,8.17852834740651
"GSE176078_Tumor","ER_Positive","CID4530N","PVL",468,4145,11.2907117008444
"GSE176078_Tumor","ER_Positive","CID4530N","Plasmablasts",45,4145,1.08564535585042
"GSE176078_Tumor","ER_Positive","CID4530N","T-cells",288,4145,6.9481302774427
"GSE176078_Tumor","ER_Positive","CID4535","B-cells",39,3442,1.13306217315514
"GSE176078_Tumor","ER_Positive","CID4535","CAFs",95,3442,2.76002324230099
"GSE176078_Tumor","ER_Positive","CID4535","Cancer Epithelial",1910,3442,55.4909936083672
"GSE176078_Tumor","ER_Positive","CID4535","Endothelial",210,3442,6.10110400929692
"GSE176078_Tumor","ER_Positive","CID4535","Myeloid",226,3442,6.56595002905288
"GSE176078_Tumor","ER_Positive","CID4535","Normal Epithelial",21,3442,0.610110400929692
"GSE176078_Tumor","ER_Positive","CID4535","PVL",578,3442,16.7925624636839
"GSE176078_Tumor","ER_Positive","CID4535","Plasmablasts",91,3442,2.643811737362
"GSE176078_Tumor","ER_Positive","CID4535","T-cells",272,3442,7.90238233585125
"GSE176078_Tumor","HER2_Positive","CID3586","B-cells",317,6097,5.19927833360669
"GSE176078_Tumor","HER2_Positive","CID3586","CAFs",174,6097,2.85386255535509
"GSE176078_Tumor","HER2_Positive","CID3586","Endothelial",149,6097,2.44382483188453
"GSE176078_Tumor","HER2_Positive","CID3586","Myeloid",187,6097,3.06708217155978
"GSE176078_Tumor","HER2_Positive","CID3586","Normal Epithelial",656,6097,10.7593898638675
"GSE176078_Tumor","HER2_Positive","CID3586","PVL",21,6097,0.34443168771527
"GSE176078_Tumor","HER2_Positive","CID3586","T-cells",4593,6097,75.3321305560112
"GSE176078_Tumor","HER2_Positive","CID3838","B-cells",40,2076,1.92678227360308
"GSE176078_Tumor","HER2_Positive","CID3838","CAFs",163,2076,7.85163776493256
"GSE176078_Tumor","HER2_Positive","CID3838","Endothelial",73,2076,3.51637764932563
"GSE176078_Tumor","HER2_Positive","CID3838","Myeloid",306,2076,14.7398843930636
"GSE176078_Tumor","HER2_Positive","CID3838","PVL",126,2076,6.06936416184971
"GSE176078_Tumor","HER2_Positive","CID3838","Plasmablasts",49,2076,2.36030828516378
"GSE176078_Tumor","HER2_Positive","CID3838","T-cells",1319,2076,63.5356454720617
"GSE176078_Tumor","HER2_Positive","CID3921","B-cells",152,2790,5.44802867383513
"GSE176078_Tumor","HER2_Positive","CID3921","CAFs",98,2790,3.51254480286738
"GSE176078_Tumor","HER2_Positive","CID3921","Cancer Epithelial",304,2790,10.8960573476703
"GSE176078_Tumor","HER2_Positive","CID3921","Endothelial",206,2790,7.38351254480287
"GSE176078_Tumor","HER2_Positive","CID3921","Myeloid",378,2790,13.5483870967742
"GSE176078_Tumor","HER2_Positive","CID3921","PVL",66,2790,2.36559139784946
"GSE176078_Tumor","HER2_Positive","CID3921","Plasmablasts",124,2790,4.44444444444444
"GSE176078_Tumor","HER2_Positive","CID3921","T-cells",1462,2790,52.4014336917563
"GSE176078_Tumor","HER2_Positive","CID4066","B-cells",36,5232,0.688073394495413
"GSE176078_Tumor","HER2_Positive","CID4066","CAFs",920,5232,17.5840978593272
"GSE176078_Tumor","HER2_Positive","CID4066","Cancer Epithelial",479,5232,9.15519877675841
"GSE176078_Tumor","HER2_Positive","CID4066","Endothelial",528,5232,10.0917431192661
"GSE176078_Tumor","HER2_Positive","CID4066","Myeloid",218,5232,4.16666666666667
"GSE176078_Tumor","HER2_Positive","CID4066","Normal Epithelial",261,5232,4.98853211009174
"GSE176078_Tumor","HER2_Positive","CID4066","PVL",626,5232,11.9648318042813
"GSE176078_Tumor","HER2_Positive","CID4066","T-cells",2164,5232,41.3608562691131
"GSE176078_Tumor","HER2_Positive","CID45171","B-cells",56,2305,2.4295010845987
"GSE176078_Tumor","HER2_Positive","CID45171","CAFs",32,2305,1.3882863340564
"GSE176078_Tumor","HER2_Positive","CID45171","Cancer Epithelial",674,2305,29.2407809110629
"GSE176078_Tumor","HER2_Positive","CID45171","Endothelial",15,2305,0.650759219088937
"GSE176078_Tumor","HER2_Positive","CID45171","Myeloid",172,2305,7.46203904555315
"GSE176078_Tumor","HER2_Positive","CID45171","PVL",13,2305,0.563991323210412
"GSE176078_Tumor","HER2_Positive","CID45171","T-cells",1343,2305,58.2646420824295
"GSE176078_Tumor","TNBC","CID3946","CAFs",134,492,27.2357723577236
"GSE176078_Tumor","TNBC","CID3946","Endothelial",54,492,10.9756097560976
"GSE176078_Tumor","TNBC","CID3946","Myeloid",94,492,19.1056910569106
"GSE176078_Tumor","TNBC","CID3946","PVL",161,492,32.7235772357724
"GSE176078_Tumor","TNBC","CID3946","T-cells",49,492,9.95934959349593
"GSE176078_Tumor","TNBC","CID3963","CAFs",19,3437,0.552807681117253
"GSE176078_Tumor","TNBC","CID3963","Cancer Epithelial",171,3437,4.97526913005528
"GSE176078_Tumor","TNBC","CID3963","Endothelial",98,3437,2.85132382892057
"GSE176078_Tumor","TNBC","CID3963","Myeloid",457,3437,13.2964794879255
"GSE176078_Tumor","TNBC","CID3963","Normal Epithelial",1,3437,0.0290951411114344
"GSE176078_Tumor","TNBC","CID3963","PVL",28,3437,0.814663951120163
"GSE176078_Tumor","TNBC","CID3963","T-cells",2663,3437,77.4803607797498
"GSE176078_Tumor","TNBC","CID44041","B-cells",176,2124,8.28625235404897
"GSE176078_Tumor","TNBC","CID44041","CAFs",681,2124,32.0621468926554
"GSE176078_Tumor","TNBC","CID44041","Endothelial",144,2124,6.77966101694915
"GSE176078_Tumor","TNBC","CID44041","Myeloid",105,2124,4.94350282485876
"GSE176078_Tumor","TNBC","CID44041","Normal Epithelial",149,2124,7.015065913371
"GSE176078_Tumor","TNBC","CID44041","PVL",127,2124,5.97928436911488
"GSE176078_Tumor","TNBC","CID44041","T-cells",742,2124,34.9340866290019
"GSE176078_Tumor","TNBC","CID4465","B-cells",22,957,2.29885057471264
"GSE176078_Tumor","TNBC","CID4465","CAFs",239,957,24.9738766980146
"GSE176078_Tumor","TNBC","CID4465","Cancer Epithelial",124,957,12.957157784744
"GSE176078_Tumor","TNBC","CID4465","Endothelial",196,957,20.4806687565308
"GSE176078_Tumor","TNBC","CID4465","Myeloid",138,957,14.4200626959248
"GSE176078_Tumor","TNBC","CID4465","Normal Epithelial",9,957,0.940438871473354
"GSE176078_Tumor","TNBC","CID4465","PVL",114,957,11.9122257053292
"GSE176078_Tumor","TNBC","CID4465","Plasmablasts",89,957,9.29989550679206
"GSE176078_Tumor","TNBC","CID4465","T-cells",26,957,2.71682340647858
"GSE176078_Tumor","TNBC","CID4495","B-cells",766,7682,9.97136162457693
"GSE176078_Tumor","TNBC","CID4495","CAFs",224,7682,2.91590731580318
"GSE176078_Tumor","TNBC","CID4495","Cancer Epithelial",1049,7682,13.6552980994533
"GSE176078_Tumor","TNBC","CID4495","Endothelial",179,7682,2.33012236396772
"GSE176078_Tumor","TNBC","CID4495","Myeloid",876,7682,11.4032803957303
"GSE176078_Tumor","TNBC","CID4495","PVL",187,7682,2.43426191096069
"GSE176078_Tumor","TNBC","CID4495","Plasmablasts",927,7682,12.0671700078105
"GSE176078_Tumor","TNBC","CID4495","T-cells",3474,7682,45.2225982816975
"GSE176078_Tumor","TNBC","CID44971","B-cells",364,7694,4.73095918897842
"GSE176078_Tumor","TNBC","CID44971","CAFs",574,7694,7.46035872108136
"GSE176078_Tumor","TNBC","CID44971","Cancer Epithelial",752,7694,9.77384975305433
"GSE176078_Tumor","TNBC","CID44971","Endothelial",210,7694,2.72939953210294
"GSE176078_Tumor","TNBC","CID44971","Myeloid",663,7694,8.61710423706785
"GSE176078_Tumor","TNBC","CID44971","Normal Epithelial",647,7694,8.40914998700286
"GSE176078_Tumor","TNBC","CID44971","PVL",88,7694,1.14374837535742
"GSE176078_Tumor","TNBC","CID44971","Plasmablasts",46,7694,0.597868468936834
"GSE176078_Tumor","TNBC","CID44971","T-cells",4350,7694,56.537561736418
"GSE176078_Tumor","TNBC","CID44991","B-cells",83,6047,1.3725814453448
"GSE176078_Tumor","TNBC","CID44991","CAFs",244,6047,4.03505870679676
"GSE176078_Tumor","TNBC","CID44991","Cancer Epithelial",3154,6047,52.1580949231024
"GSE176078_Tumor","TNBC","CID44991","Endothelial",37,6047,0.611873656358525
"GSE176078_Tumor","TNBC","CID44991","Myeloid",201,6047,3.32396229535307
"GSE176078_Tumor","TNBC","CID44991","Normal Epithelial",17,6047,0.281131139407971
"GSE176078_Tumor","TNBC","CID44991","PVL",41,6047,0.678022159748636
"GSE176078_Tumor","TNBC","CID44991","Plasmablasts",1418,6047,23.4496444517943
"GSE176078_Tumor","TNBC","CID44991","T-cells",852,6047,14.0896312220936
"GSE176078_Tumor","TNBC","CID4513","B-cells",43,5548,0.775054073540014
"GSE176078_Tumor","TNBC","CID4513","CAFs",11,5548,0.198269646719539
"GSE176078_Tumor","TNBC","CID4513","Cancer Epithelial",997,5548,17.9704397981255
"GSE176078_Tumor","TNBC","CID4513","Endothelial",159,5548,2.86589762076424
"GSE176078_Tumor","TNBC","CID4513","Myeloid",2793,5548,50.3424657534247
"GSE176078_Tumor","TNBC","CID4513","PVL",79,5548,1.42393655371305
"GSE176078_Tumor","TNBC","CID4513","T-cells",1466,5548,26.4239365537131
"GSE176078_Tumor","TNBC","CID4515","B-cells",493,3976,12.3993963782696
"GSE176078_Tumor","TNBC","CID4515","CAFs",183,3976,4.60261569416499
"GSE176078_Tumor","TNBC","CID4515","Cancer Epithelial",2023,3976,50.8802816901408
"GSE176078_Tumor","TNBC","CID4515","Endothelial",120,3976,3.01810865191147
"GSE176078_Tumor","TNBC","CID4515","Myeloid",547,3976,13.7575452716298
"GSE176078_Tumor","TNBC","CID4515","Normal Epithelial",35,3976,0.880281690140845
"GSE176078_Tumor","TNBC","CID4515","PVL",123,3976,3.09356136820926
"GSE176078_Tumor","TNBC","CID4515","Plasmablasts",34,3976,0.85513078470825
"GSE176078_Tumor","TNBC","CID4515","T-cells",418,3976,10.5130784708249
"GSE176078_Tumor","TNBC","CID4523","CAFs",41,1512,2.71164021164021
"GSE176078_Tumor","TNBC","CID4523","Cancer Epithelial",1013,1512,66.9973544973545
"GSE176078_Tumor","TNBC","CID4523","Endothelial",2,1512,0.132275132275132
"GSE176078_Tumor","TNBC","CID4523","Myeloid",271,1512,17.9232804232804
"GSE176078_Tumor","TNBC","CID4523","PVL",10,1512,0.661375661375661
"GSE176078_Tumor","TNBC","CID4523","T-cells",175,1512,11.5740740740741
