"gene","celltype","group1","group2","comparison","logFC","logCPM","F","PValue","FDR","direction","immune_flag","luminal_flag","epithelial_flag","rank"
"DIO1","Luminal_Epithelial","HER2_Positive","Normal","HER2_Positive vs Normal",9.49180649621615,3.48813793717888,47.0968907527123,6.5574107057908e-06,0.0077860310207576,"UP",FALSE,FALSE,FALSE,1
"MUCL1","Luminal_Epithelial","HER2_Positive","Normal","HER2_Positive vs Normal",8.25473156822557,11.8227398180035,35.2610270601572,9.91855108963162e-05,0.0179925271918998,"UP",FALSE,FALSE,FALSE,2
"ATP6V0C","Luminal_Epithelial","HER2_Positive","Normal","HER2_Positive vs Normal",8.20734847272152,6.91238801891291,31.8878344825391,0.000152780187312295,0.0216862966117358,"UP",FALSE,FALSE,FALSE,3
"CYTIP","Luminal_Epithelial","HER2_Positive","Normal","HER2_Positive vs Normal",8.07533900099333,2.87845962528662,31.5006963376221,6.94018080612314e-05,0.0171029625488253,"UP",FALSE,FALSE,FALSE,4
"GPR183","Luminal_Epithelial","HER2_Positive","Normal","HER2_Positive vs Normal",7.43276172683135,1.95971123141511,22.9802763245538,0.000289279940335168,0.02631250909761,"UP",FALSE,FALSE,FALSE,5
"CYSLTR1","Luminal_Epithelial","HER2_Positive","Normal","HER2_Positive vs Normal",7.21354041551823,3.10015046494832,29.9093978602984,0.000134695363397639,0.0206475065729336,"UP",FALSE,FALSE,FALSE,6
"LRRC26","Luminal_Epithelial","HER2_Positive","Normal","HER2_Positive vs Normal",7.1723817430159,6.6730105374099,41.335367033815,5.01713842251088e-05,0.0153005002815531,"UP",FALSE,FALSE,FALSE,7
"PNMT","Luminal_Epithelial","HER2_Positive","Normal","HER2_Positive vs Normal",6.94289774830707,5.09955790941858,25.7383039958941,0.000362668356758653,0.0280284698676022,"UP",FALSE,FALSE,FALSE,8
"CTB-131K11.1","Luminal_Epithelial","HER2_Positive","Normal","HER2_Positive vs Normal",6.90851809199601,2.84364592745144,24.2782433622878,0.000336661685856518,0.0275244246703883,"UP",FALSE,FALSE,FALSE,9
"ALB","Luminal_Epithelial","HER2_Positive","Normal","HER2_Positive vs Normal",6.52148246346892,0.0287359618399096,38.4612719012353,1.77468052660129e-05,0.0139684146224573,"UP",FALSE,FALSE,FALSE,10
"NR4A3","Luminal_Epithelial","HER2_Positive","Normal","HER2_Positive vs Normal",6.48164989004154,2.6670816489037,40.7398393354858,4.01389374811442e-05,0.0146697251146926,"UP",FALSE,FALSE,FALSE,11
"PGAP3","Luminal_Epithelial","HER2_Positive","Normal","HER2_Positive vs Normal",6.3476753675934,6.2143941404249,29.1353054421183,0.000221829557832479,0.0237725457013863,"UP",FALSE,FALSE,FALSE,12
"MNX1-AS1","Luminal_Epithelial","HER2_Positive","Normal","HER2_Positive vs Normal",6.3109243274926,2.00722606595923,29.7540743668437,0.0001264872933903,0.0201469577923256,"UP",FALSE,FALSE,FALSE,13
"LINC00675","Luminal_Epithelial","HER2_Positive","Normal","HER2_Positive vs Normal",5.96071473352754,2.56968433436275,23.9714083946714,0.000420002396085267,0.029963614190183,"UP",FALSE,FALSE,FALSE,14
"AC005013.5","Luminal_Epithelial","HER2_Positive","Normal","HER2_Positive vs Normal",5.91592250696325,-0.128973814613464,54.7929603405488,1.96614421754172e-06,0.00459794992152523,"UP",FALSE,FALSE,FALSE,15
"SPOCK2","Luminal_Epithelial","HER2_Positive","Normal","HER2_Positive vs Normal",5.84904350819097,2.01613446796946,25.4315730410871,0.000312714695770088,0.0275244246703883,"UP",FALSE,FALSE,FALSE,16
"SRPK3","Luminal_Epithelial","HER2_Positive","Normal","HER2_Positive vs Normal",5.68825208804771,0.785084725842662,71.9276602180333,7.73581702950332e-07,0.00459794992152523,"UP",FALSE,FALSE,FALSE,17
"MT-ATP8","Luminal_Epithelial","HER2_Positive","Normal","HER2_Positive vs Normal",5.60682574038897,9.73203108529877,18.3484378540711,0.00130280259369881,0.0445468061448864,"UP",FALSE,FALSE,FALSE,18
"ATP13A4","Luminal_Epithelial","HER2_Positive","Normal","HER2_Positive vs Normal",5.5976286704654,1.81738652212571,36.3679911204176,6.24359095570021e-05,0.0159897140141962,"UP",FALSE,FALSE,FALSE,19
"DLX2","Luminal_Epithelial","HER2_Positive","Normal","HER2_Positive vs Normal",5.56127029628191,1.82504414760481,31.0123837148034,0.000129900026078569,0.0201979076263357,"UP",FALSE,FALSE,FALSE,20
"CLIC3","Luminal_Epithelial","HER2_Positive","Normal","HER2_Positive vs Normal",5.52032877799477,5.62174886574857,32.1032213092209,0.000148440554885069,0.021542023192821,"UP",FALSE,FALSE,FALSE,21
"ABCC4","Luminal_Epithelial","HER2_Positive","Normal","HER2_Positive vs Normal",5.51280639991348,3.48747667741083,17.8039080124423,0.00144479665289038,0.0454283676219455,"UP",FALSE,FALSE,FALSE,22
"NR4A1","Luminal_Epithelial","HER2_Positive","Normal","HER2_Positive vs Normal",5.4628453121319,6.63972916065688,109.64531200959,4.84626301718482e-07,0.00459794992152523,"UP",FALSE,FALSE,FALSE,23
"ERBB2","Luminal_Epithelial","HER2_Positive","Normal","HER2_Positive vs Normal",5.41878776428276,8.90307811976041,25.4609468209115,0.000379128731391727,0.0283991477391347,"UP",FALSE,FALSE,FALSE,24
"BCAS1","Luminal_Epithelial","HER2_Positive","Normal","HER2_Positive vs Normal",5.39471848583032,2.96060050426202,32.4838550920397,0.000135953262787864,0.0206475065729336,"UP",FALSE,FALSE,FALSE,25
"HCLS1","Luminal_Epithelial","HER2_Positive","Normal","HER2_Positive vs Normal",5.36420522849713,0.401353049551327,25.2777142655144,0.000231371716858848,0.0237948503456174,"UP",FALSE,FALSE,FALSE,26
"MTRNR2L12","Luminal_Epithelial","HER2_Positive","Normal","HER2_Positive vs Normal",5.31511754842266,8.69217519475637,31.2708006971722,0.00016467316173976,0.0216862966117358,"UP",FALSE,FALSE,FALSE,27
"TMEM86A","Luminal_Epithelial","HER2_Positive","Normal","HER2_Positive vs Normal",5.27058748240092,4.03874344173362,30.6845068671426,0.000179877681655691,0.0219568448607942,"UP",FALSE,FALSE,FALSE,28
"CREB3L1","Luminal_Epithelial","HER2_Positive","Normal","HER2_Positive vs Normal",5.24892970162203,4.7566476882153,28.9119926595141,0.000229471550221089,0.0237948503456174,"UP",FALSE,FALSE,FALSE,29
"HOXB6","Luminal_Epithelial","HER2_Positive","Normal","HER2_Positive vs Normal",5.2347488702198,3.52081103544895,24.9216063734581,0.000413689681350948,0.029963614190183,"UP",FALSE,FALSE,FALSE,30
