"gene","celltype","group1","group2","comparison","logFC","logCPM","F","PValue","FDR","direction","immune_flag","luminal_flag","epithelial_flag"
"SERPINB4","Luminal_Epithelial","HER2_Positive","Normal","HER2_Positive vs Normal",-17.1147617074804,8.46374935648229,54.4888545977495,8.07286455341252e-05,0.0176508409119218,"Normal_higher",FALSE,FALSE,FALSE
"SERPINB3","Luminal_Epithelial","HER2_Positive","Normal","HER2_Positive vs Normal",-15.1696176603583,6.52558161784308,53.217299647334,8.77027897362084e-05,0.0176621449093916,"Normal_higher",FALSE,FALSE,FALSE
"SERPINB7","Luminal_Epithelial","HER2_Positive","Normal","HER2_Positive vs Normal",-14.4603631236789,5.82212238522029,31.2180681549149,0.0005324341591046,0.0322464671269451,"Normal_higher",FALSE,FALSE,FALSE
"CXCL5","Luminal_Epithelial","HER2_Positive","Normal","HER2_Positive vs Normal",-13.8856869686741,5.2544933470076,55.3019749304554,7.66309735239456e-05,0.0175592481613378,"Normal_higher",FALSE,FALSE,FALSE
"CYP1A1","Luminal_Epithelial","HER2_Positive","Normal","HER2_Positive vs Normal",-13.5664997704598,4.93982833291761,26.0706924396187,0.00094566870532064,0.0403639835300421,"Normal_higher",FALSE,FALSE,FALSE
"OVOS2","Luminal_Epithelial","HER2_Positive","Normal","HER2_Positive vs Normal",-11.8867824892606,8.57161778754897,23.9565543790949,0.00034729467956894,0.0275244246703883,"Normal_higher",FALSE,FALSE,FALSE
"AC005152.3","Luminal_Epithelial","HER2_Positive","Normal","HER2_Positive vs Normal",-11.671978773689,3.09974464423842,39.6473680466092,0.000241522260229826,0.0245087453536532,"Normal_higher",FALSE,FALSE,FALSE
"HMGA2","Luminal_Epithelial","HER2_Positive","Normal","HER2_Positive vs Normal",-11.6662638208327,3.10272015017544,22.5014762505888,0.00148925427721104,0.0458131168596374,"Normal_higher",FALSE,FALSE,FALSE
"RNASE7","Luminal_Epithelial","HER2_Positive","Normal","HER2_Positive vs Normal",-10.9676233064298,2.43621630700911,50.1635914711993,0.000107890618706554,0.018541570670083,"Normal_higher",FALSE,FALSE,FALSE
"PRSS3","Luminal_Epithelial","HER2_Positive","Normal","HER2_Positive vs Normal",-10.19331163346,4.78058238051884,40.3228143050549,3.08304991510419e-05,0.0144680790356663,"Normal_higher",FALSE,FALSE,FALSE
"AKR1C1","Luminal_Epithelial","HER2_Positive","Normal","HER2_Positive vs Normal",-9.9582205588027,7.81752850550678,21.9142978284615,0.000496554151985683,0.0316365550199269,"Normal_higher",FALSE,FALSE,FALSE
"LINC01589","Luminal_Epithelial","HER2_Positive","Normal","HER2_Positive vs Normal",-9.5636799117269,1.13872057802055,44.4233379536276,0.000164714763786915,0.0216862966117358,"Normal_higher",FALSE,FALSE,FALSE
"TNFAIP6","Luminal_Epithelial","HER2_Positive","Normal","HER2_Positive vs Normal",-9.52157143924904,6.29210346356187,19.7896025342067,0.00076705558222138,0.0367432302683086,"Normal_higher",FALSE,FALSE,FALSE
"DIO1","Luminal_Epithelial","HER2_Positive","Normal","HER2_Positive vs Normal",9.49180649621615,3.48813793717888,47.0968907527123,6.5574107057908e-06,0.0077860310207576,"HER2_Positive_higher",FALSE,FALSE,FALSE
"LAPTM5","Luminal_Epithelial","HER2_Positive","Normal","HER2_Positive vs Normal",9.27480156787835,3.47917579957133,52.286669547922,3.3599250846349e-06,0.00487599794782404,"HER2_Positive_higher",TRUE,FALSE,FALSE
"KRT6B","Luminal_Epithelial","HER2_Positive","Normal","HER2_Positive vs Normal",-9.18012754124701,8.63480723094578,48.7119797173684,1.35079336719164e-05,0.0126019372634929,"Normal_higher",FALSE,FALSE,TRUE
"PTPRC","Luminal_Epithelial","HER2_Positive","Normal","HER2_Positive vs Normal",8.9117429985571,3.31628836809687,24.9659880265294,0.000176077493076942,0.0216957371422448,"HER2_Positive_higher",TRUE,FALSE,FALSE
"IL7R","Luminal_Epithelial","HER2_Positive","Normal","HER2_Positive vs Normal",8.78989104595254,4.36893911484663,35.882325116658,5.27950583881546e-05,0.0153005002815531,"HER2_Positive_higher",TRUE,FALSE,FALSE
"PI3","Luminal_Epithelial","HER2_Positive","Normal","HER2_Positive vs Normal",-8.70747527622106,10.3066805726811,22.8893457288224,0.000560358065222189,0.0328521049934423,"Normal_higher",FALSE,FALSE,FALSE
"ZPLD1","Luminal_Epithelial","HER2_Positive","Normal","HER2_Positive vs Normal",-8.31720800808908,0.0227535476487124,35.7925312640907,0.000343319514502482,0.0275244246703883,"Normal_higher",FALSE,FALSE,FALSE
"AKR1C3","Luminal_Epithelial","HER2_Positive","Normal","HER2_Positive vs Normal",-8.28122318398351,8.12678612939689,17.3083794495063,0.00135579153546854,0.0449441452912552,"Normal_higher",FALSE,FALSE,FALSE
"MUCL1","Luminal_Epithelial","HER2_Positive","Normal","HER2_Positive vs Normal",8.25473156822557,11.8227398180035,35.2610270601572,9.91855108963162e-05,0.0179925271918998,"HER2_Positive_higher",FALSE,FALSE,FALSE
"ATP6V0C","Luminal_Epithelial","HER2_Positive","Normal","HER2_Positive vs Normal",8.20734847272152,6.91238801891291,31.8878344825391,0.000152780187312295,0.0216862966117358,"HER2_Positive_higher",FALSE,FALSE,FALSE
"CYTIP","Luminal_Epithelial","HER2_Positive","Normal","HER2_Positive vs Normal",8.07533900099333,2.87845962528662,31.5006963376221,6.94018080612314e-05,0.0171029625488253,"HER2_Positive_higher",FALSE,FALSE,FALSE
"LINC01198","Luminal_Epithelial","HER2_Positive","Normal","HER2_Positive vs Normal",-8.02266036595789,2.91066918230457,24.066642389708,0.000285605042914171,0.0262696300387464,"Normal_higher",FALSE,FALSE,FALSE
"SAA1","Luminal_Epithelial","HER2_Positive","Normal","HER2_Positive vs Normal",-7.95277440467172,11.3808089045741,29.782656590954,0.000202178729993819,0.0231636525653445,"Normal_higher",FALSE,FALSE,FALSE
"VNN1","Luminal_Epithelial","HER2_Positive","Normal","HER2_Positive vs Normal",-7.89983697670549,5.17389600888927,41.9499461170889,3.01620767346808e-05,0.0144680790356663,"Normal_higher",FALSE,FALSE,FALSE
"KRT6A","Luminal_Epithelial","HER2_Positive","Normal","HER2_Positive vs Normal",-7.68180213764108,5.35880878419405,19.3897195586215,0.00083288136955996,0.0381864465156742,"Normal_higher",FALSE,FALSE,TRUE
"NKAPL","Luminal_Epithelial","HER2_Positive","Normal","HER2_Positive vs Normal",-7.66047422382442,2.33772298381075,43.56186442258,2.11328921026472e-05,0.0141451235792237,"Normal_higher",FALSE,FALSE,FALSE
"TCN1","Luminal_Epithelial","HER2_Positive","Normal","HER2_Positive vs Normal",-7.65014652733152,5.69258446369377,73.2257353063947,1.45914819495091e-06,0.00459794992152523,"Normal_higher",FALSE,FALSE,FALSE
"SOX10","Luminal_Epithelial","HER2_Positive","Normal","HER2_Positive vs Normal",-7.63707604008617,3.38917531654681,39.4141425260248,2.30956427416878e-05,0.0141451235792237,"Normal_higher",FALSE,FALSE,FALSE
"SAA2","Luminal_Epithelial","HER2_Positive","Normal","HER2_Positive vs Normal",-7.6258637135822,10.2150944917759,22.5492118886275,0.000607189740948175,0.0331106853610584,"Normal_higher",FALSE,FALSE,FALSE
"COX7A1","Luminal_Epithelial","HER2_Positive","Normal","HER2_Positive vs Normal",-7.61489045334842,3.87635888820111,35.3699146379624,5.10205180709182e-05,0.0153005002815531,"Normal_higher",FALSE,FALSE,FALSE
"CTD-2015G9.2","Luminal_Epithelial","HER2_Positive","Normal","HER2_Positive vs Normal",-7.43455986834316,2.3624312079551,20.7400907928129,0.000538645692912503,0.0322717953905055,"Normal_higher",FALSE,FALSE,FALSE
"GPR183","Luminal_Epithelial","HER2_Positive","Normal","HER2_Positive vs Normal",7.43276172683135,1.95971123141511,22.9802763245538,0.000289279940335168,0.02631250909761,"HER2_Positive_higher",FALSE,FALSE,FALSE
"MIA","Luminal_Epithelial","HER2_Positive","Normal","HER2_Positive vs Normal",-7.42565576180058,5.16243372531352,28.2520579825915,0.000174086390552889,0.0216862966117358,"Normal_higher",FALSE,FALSE,FALSE
"NEURL3","Luminal_Epithelial","HER2_Positive","Normal","HER2_Positive vs Normal",-7.3942201399731,4.60042046015033,17.2855080175737,0.00132407721928727,0.0447040141103129,"Normal_higher",FALSE,FALSE,FALSE
"MMP3","Luminal_Epithelial","HER2_Positive","Normal","HER2_Positive vs Normal",-7.37366690143505,2.07103900866886,28.2349743386713,0.000162264869517788,0.0216862966117358,"Normal_higher",FALSE,FALSE,FALSE
"LINC01564","Luminal_Epithelial","HER2_Positive","Normal","HER2_Positive vs Normal",-7.22203453109531,1.9723206315906,38.5731635659166,3.69791029432994e-05,0.0146631972079282,"Normal_higher",FALSE,FALSE,FALSE
"CYSLTR1","Luminal_Epithelial","HER2_Positive","Normal","HER2_Positive vs Normal",7.21354041551823,3.10015046494832,29.9093978602984,0.000134695363397639,0.0206475065729336,"HER2_Positive_higher",FALSE,FALSE,FALSE
"C6orf15","Luminal_Epithelial","HER2_Positive","Normal","HER2_Positive vs Normal",-7.20098518851908,3.27133026867821,37.0626311644779,3.68869177471711e-05,0.0146631972079282,"Normal_higher",FALSE,FALSE,FALSE
"LAMB3","Luminal_Epithelial","HER2_Positive","Normal","HER2_Positive vs Normal",-7.18556775047,6.74604821469835,77.2811193970956,1.31413697305692e-06,0.00459794992152523,"Normal_higher",FALSE,FALSE,FALSE
"LRRC26","Luminal_Epithelial","HER2_Positive","Normal","HER2_Positive vs Normal",7.1723817430159,6.6730105374099,41.335367033815,5.01713842251088e-05,0.0153005002815531,"HER2_Positive_higher",FALSE,FALSE,FALSE
"FKBP1B","Luminal_Epithelial","HER2_Positive","Normal","HER2_Positive vs Normal",-6.99843634375255,3.12993569565605,59.836125983635,3.14265311921896e-06,0.00487599794782404,"Normal_higher",FALSE,FALSE,FALSE
"LOX","Luminal_Epithelial","HER2_Positive","Normal","HER2_Positive vs Normal",-6.97703734527851,1.71016276794089,30.3587598597952,0.000117220448907614,0.0196102884675168,"Normal_higher",FALSE,FALSE,FALSE
"PNMT","Luminal_Epithelial","HER2_Positive","Normal","HER2_Positive vs Normal",6.94289774830707,5.09955790941858,25.7383039958941,0.000362668356758653,0.0280284698676022,"HER2_Positive_higher",FALSE,FALSE,FALSE
"CTB-131K11.1","Luminal_Epithelial","HER2_Positive","Normal","HER2_Positive vs Normal",6.90851809199601,2.84364592745144,24.2782433622878,0.000336661685856518,0.0275244246703883,"HER2_Positive_higher",FALSE,FALSE,FALSE
"CCL20","Luminal_Epithelial","HER2_Positive","Normal","HER2_Positive vs Normal",-6.88761045166167,5.57352245971666,37.2220288584565,4.16761170691366e-05,0.0147116693254052,"Normal_higher",FALSE,FALSE,FALSE
"RHCG","Luminal_Epithelial","HER2_Positive","Normal","HER2_Positive vs Normal",-6.86734833014151,4.3117517269542,18.2388226388758,0.00107767599761492,0.0417671400737343,"Normal_higher",FALSE,FALSE,FALSE
"RGS20","Luminal_Epithelial","HER2_Positive","Normal","HER2_Positive vs Normal",-6.78369867755307,2.44238848710617,38.1204010392669,2.63524767157536e-05,0.0144680790356663,"Normal_higher",FALSE,FALSE,FALSE
"IGFBP3","Luminal_Epithelial","HER2_Positive","Normal","HER2_Positive vs Normal",-6.74759535462461,6.91906592622633,27.9428016536243,0.00021460098068751,0.0235538101576435,"Normal_higher",FALSE,FALSE,FALSE
"TNIP3","Luminal_Epithelial","HER2_Positive","Normal","HER2_Positive vs Normal",-6.57422899893886,4.40050338754126,17.1841828254569,0.00130083134424017,0.0445468061448864,"Normal_higher",FALSE,FALSE,FALSE
"DEFB1","Luminal_Epithelial","HER2_Positive","Normal","HER2_Positive vs Normal",-6.52658797266238,8.94614896357039,29.9140635442807,0.000197154782637863,0.0231636525653445,"Normal_higher",FALSE,FALSE,FALSE
"ALB","Luminal_Epithelial","HER2_Positive","Normal","HER2_Positive vs Normal",6.52148246346892,0.0287359618399096,38.4612719012353,1.77468052660129e-05,0.0139684146224573,"HER2_Positive_higher",FALSE,FALSE,FALSE
"NR4A3","Luminal_Epithelial","HER2_Positive","Normal","HER2_Positive vs Normal",6.48164989004154,2.6670816489037,40.7398393354858,4.01389374811442e-05,0.0146697251146926,"HER2_Positive_higher",FALSE,FALSE,FALSE
"KCCAT211","Luminal_Epithelial","HER2_Positive","Normal","HER2_Positive vs Normal",-6.45323727104458,4.12038838359994,20.5034852382217,0.000674130794312509,0.033995452913188,"Normal_higher",FALSE,FALSE,FALSE
"CD7","Luminal_Epithelial","HER2_Positive","Normal","HER2_Positive vs Normal",6.39832172795219,3.35009648117462,23.9197082960989,0.000457918800313348,0.0310495892773466,"HER2_Positive_higher",TRUE,FALSE,FALSE
"PGAP3","Luminal_Epithelial","HER2_Positive","Normal","HER2_Positive vs Normal",6.3476753675934,6.2143941404249,29.1353054421183,0.000221829557832479,0.0237725457013863,"HER2_Positive_higher",FALSE,FALSE,FALSE
"VNN3","Luminal_Epithelial","HER2_Positive","Normal","HER2_Positive vs Normal",-6.31582798954473,3.63617996607842,32.648476236528,9.64235909338202e-05,0.0177378664955863,"Normal_higher",FALSE,FALSE,FALSE
"MNX1-AS1","Luminal_Epithelial","HER2_Positive","Normal","HER2_Positive vs Normal",6.3109243274926,2.00722606595923,29.7540743668437,0.0001264872933903,0.0201469577923256,"HER2_Positive_higher",FALSE,FALSE,FALSE
"OLAH","Luminal_Epithelial","HER2_Positive","Normal","HER2_Positive vs Normal",-6.29485723090373,1.99020061677117,22.1243352222104,0.000357443128640007,0.0280284698676022,"Normal_higher",FALSE,FALSE,FALSE
"S100A3","Luminal_Epithelial","HER2_Positive","Normal","HER2_Positive vs Normal",-6.26672069097999,2.82851928454102,42.4690588868689,2.38261020398838e-05,0.0141451235792237,"Normal_higher",FALSE,FALSE,FALSE
"CD8B","Luminal_Epithelial","HER2_Positive","Normal","HER2_Positive vs Normal",6.2546334875182,0.549211764932507,29.2986082986715,7.63813809494343e-05,0.0175592481613378,"HER2_Positive_higher",TRUE,FALSE,FALSE
"CHI3L1","Luminal_Epithelial","HER2_Positive","Normal","HER2_Positive vs Normal",-6.22175530080698,7.34951614405595,25.6482630841327,0.000347716872415134,0.0275244246703883,"Normal_higher",FALSE,FALSE,FALSE
"CD37","Luminal_Epithelial","HER2_Positive","Normal","HER2_Positive vs Normal",6.14117965212392,2.72694823180656,18.7068974303592,0.00113083425986553,0.0422138057897841,"HER2_Positive_higher",TRUE,FALSE,FALSE
"CTB-102L5.4","Luminal_Epithelial","HER2_Positive","Normal","HER2_Positive vs Normal",-6.06031210875799,0.904998810180978,28.2251478263437,0.000158729041460744,0.0216862966117358,"Normal_higher",FALSE,FALSE,FALSE
"S100A2","Luminal_Epithelial","HER2_Positive","Normal","HER2_Positive vs Normal",-6.04391013224161,8.25750059067791,17.4142242958133,0.0015604157687289,0.0461926105469972,"Normal_higher",FALSE,FALSE,FALSE
"C5orf46","Luminal_Epithelial","HER2_Positive","Normal","HER2_Positive vs Normal",-6.01316663048173,5.16612625996069,26.0140438517524,0.00023007781833432,0.0237948503456174,"Normal_higher",FALSE,FALSE,FALSE
"LINC00675","Luminal_Epithelial","HER2_Positive","Normal","HER2_Positive vs Normal",5.96071473352754,2.56968433436275,23.9714083946714,0.000420002396085267,0.029963614190183,"HER2_Positive_higher",FALSE,FALSE,FALSE
"ADAMTS9","Luminal_Epithelial","HER2_Positive","Normal","HER2_Positive vs Normal",-5.94693535838725,2.09393213754601,30.9809158434329,8.79907796180748e-05,0.0176621449093916,"Normal_higher",FALSE,FALSE,FALSE
"AC005013.5","Luminal_Epithelial","HER2_Positive","Normal","HER2_Positive vs Normal",5.91592250696325,-0.128973814613464,54.7929603405488,1.96614421754172e-06,0.00459794992152523,"HER2_Positive_higher",FALSE,FALSE,FALSE
"SPOCK2","Luminal_Epithelial","HER2_Positive","Normal","HER2_Positive vs Normal",5.84904350819097,2.01613446796946,25.4315730410871,0.000312714695770088,0.0275244246703883,"HER2_Positive_higher",FALSE,FALSE,FALSE
"SOD2","Luminal_Epithelial","HER2_Positive","Normal","HER2_Positive vs Normal",-5.78850407443652,11.4120243301426,21.1576892508856,0.000773630527814476,0.0367432302683086,"Normal_higher",FALSE,FALSE,FALSE
"SLCO4A1-AS1","Luminal_Epithelial","HER2_Positive","Normal","HER2_Positive vs Normal",-5.75730347949694,1.47000226535842,23.7592717962048,0.000259572644756515,0.02511317269011,"Normal_higher",FALSE,FALSE,FALSE
"APCDD1L","Luminal_Epithelial","HER2_Positive","Normal","HER2_Positive vs Normal",-5.69559641166531,0.785242085974423,21.0732849077581,0.000504941499629491,0.0317571318277853,"Normal_higher",FALSE,FALSE,FALSE
"SRPK3","Luminal_Epithelial","HER2_Positive","Normal","HER2_Positive vs Normal",5.68825208804771,0.785084725842662,71.9276602180333,7.73581702950332e-07,0.00459794992152523,"HER2_Positive_higher",FALSE,FALSE,FALSE
"MMP12","Luminal_Epithelial","HER2_Positive","Normal","HER2_Positive vs Normal",-5.67276943743237,0.567373966860484,21.9662524495954,0.000464144827568951,0.031248430891124,"Normal_higher",FALSE,FALSE,FALSE
"C1R","Luminal_Epithelial","HER2_Positive","Normal","HER2_Positive vs Normal",-5.65558980411646,4.53567614394507,16.1643553332298,0.00152975020026105,0.045931189346229,"Normal_higher",FALSE,FALSE,FALSE
"MT-ATP8","Luminal_Epithelial","HER2_Positive","Normal","HER2_Positive vs Normal",5.60682574038897,9.73203108529877,18.3484378540711,0.00130280259369881,0.0445468061448864,"HER2_Positive_higher",FALSE,FALSE,FALSE
"ATP13A4","Luminal_Epithelial","HER2_Positive","Normal","HER2_Positive vs Normal",5.5976286704654,1.81738652212571,36.3679911204176,6.24359095570021e-05,0.0159897140141962,"HER2_Positive_higher",FALSE,FALSE,FALSE
"IL24","Luminal_Epithelial","HER2_Positive","Normal","HER2_Positive vs Normal",-5.57866994614777,2.616894108375,22.6197543123515,0.000456958081432434,0.0310495892773466,"Normal_higher",FALSE,FALSE,FALSE
"GS1-259H13.2","Luminal_Epithelial","HER2_Positive","Normal","HER2_Positive vs Normal",-5.56887673317936,1.27997956314946,45.5523101594176,1.02246101066428e-05,0.0111286360502385,"Normal_higher",FALSE,FALSE,FALSE
"POPDC3","Luminal_Epithelial","HER2_Positive","Normal","HER2_Positive vs Normal",-5.56363626832719,2.16646835716347,38.7403081117058,3.7048120960235e-05,0.0146631972079282,"Normal_higher",FALSE,FALSE,FALSE
"DLX2","Luminal_Epithelial","HER2_Positive","Normal","HER2_Positive vs Normal",5.56127029628191,1.82504414760481,31.0123837148034,0.000129900026078569,0.0201979076263357,"HER2_Positive_higher",FALSE,FALSE,FALSE
"CLIC3","Luminal_Epithelial","HER2_Positive","Normal","HER2_Positive vs Normal",5.52032877799477,5.62174886574857,32.1032213092209,0.000148440554885069,0.021542023192821,"HER2_Positive_higher",FALSE,FALSE,FALSE
"ABCC4","Luminal_Epithelial","HER2_Positive","Normal","HER2_Positive vs Normal",5.51280639991348,3.48747667741083,17.8039080124423,0.00144479665289038,0.0454283676219455,"HER2_Positive_higher",FALSE,FALSE,FALSE
"NR4A1","Luminal_Epithelial","HER2_Positive","Normal","HER2_Positive vs Normal",5.4628453121319,6.63972916065688,109.64531200959,4.84626301718482e-07,0.00459794992152523,"HER2_Positive_higher",FALSE,FALSE,FALSE
"G0S2","Luminal_Epithelial","HER2_Positive","Normal","HER2_Positive vs Normal",-5.45693096297898,5.77891808506645,31.1926394791041,0.000137638647412512,0.0206631996994806,"Normal_higher",FALSE,FALSE,FALSE
"S100B","Luminal_Epithelial","HER2_Positive","Normal","HER2_Positive vs Normal",-5.44995489907673,4.03431474388773,18.852968966659,0.000843165600448145,0.0383916536688155,"Normal_higher",FALSE,FALSE,FALSE
"QPCT","Luminal_Epithelial","HER2_Positive","Normal","HER2_Positive vs Normal",-5.4478234598537,4.10303647415429,21.3786014386547,0.000505741016781207,0.0317571318277853,"Normal_higher",FALSE,FALSE,FALSE
"AGXT","Luminal_Epithelial","HER2_Positive","Normal","HER2_Positive vs Normal",-5.44595016435625,1.20320719012093,21.7980758108474,0.00038051074606451,0.0283991477391347,"Normal_higher",FALSE,FALSE,FALSE
"CD8A","Luminal_Epithelial","HER2_Positive","Normal","HER2_Positive vs Normal",5.43623298289459,-0.0759809459673022,24.3754540513612,0.000200492104852118,0.0231636525653445,"HER2_Positive_higher",TRUE,FALSE,FALSE
"CATSPER1","Luminal_Epithelial","HER2_Positive","Normal","HER2_Positive vs Normal",-5.4308284470318,0.337683598573576,18.5564383434868,0.000922397228318489,0.0397604957064943,"Normal_higher",FALSE,FALSE,FALSE
"ERBB2","Luminal_Epithelial","HER2_Positive","Normal","HER2_Positive vs Normal",5.41878776428276,8.90307811976041,25.4609468209115,0.000379128731391727,0.0283991477391347,"HER2_Positive_higher",FALSE,FALSE,FALSE
"SBSN","Luminal_Epithelial","HER2_Positive","Normal","HER2_Positive vs Normal",-5.41478996441014,4.0751486619566,16.3988923150513,0.00144038874591305,0.0454283676219455,"Normal_higher",FALSE,FALSE,FALSE
"BCAS1","Luminal_Epithelial","HER2_Positive","Normal","HER2_Positive vs Normal",5.39471848583032,2.96060050426202,32.4838550920397,0.000135953262787864,0.0206475065729336,"HER2_Positive_higher",FALSE,FALSE,FALSE
"HCLS1","Luminal_Epithelial","HER2_Positive","Normal","HER2_Positive vs Normal",5.36420522849713,0.401353049551327,25.2777142655144,0.000231371716858848,0.0237948503456174,"HER2_Positive_higher",FALSE,FALSE,FALSE
"MTRNR2L12","Luminal_Epithelial","HER2_Positive","Normal","HER2_Positive vs Normal",5.31511754842266,8.69217519475637,31.2708006971722,0.00016467316173976,0.0216862966117358,"HER2_Positive_higher",FALSE,FALSE,FALSE
"ANXA8","Luminal_Epithelial","HER2_Positive","Normal","HER2_Positive vs Normal",-5.30859752741872,0.210372474393567,23.4818057617533,0.00036187494704822,0.0280284698676022,"Normal_higher",FALSE,FALSE,FALSE
"GPAT3","Luminal_Epithelial","HER2_Positive","Normal","HER2_Positive vs Normal",-5.30554275131525,4.49265500428303,32.8038573307569,8.10849440866171e-05,0.0176508409119218,"Normal_higher",FALSE,FALSE,FALSE
"TMEM86A","Luminal_Epithelial","HER2_Positive","Normal","HER2_Positive vs Normal",5.27058748240092,4.03874344173362,30.6845068671426,0.000179877681655691,0.0219568448607942,"HER2_Positive_higher",FALSE,FALSE,FALSE
"ARNTL2","Luminal_Epithelial","HER2_Positive","Normal","HER2_Positive vs Normal",-5.25655208679324,3.50087777118734,44.1910149385187,1.92505522704411e-05,0.0139684146224573,"Normal_higher",FALSE,FALSE,FALSE
"KRT14","Luminal_Epithelial","HER2_Positive","Normal","HER2_Positive vs Normal",-5.25639940840854,6.5341396189212,18.6416998830165,0.00118815163240186,0.0430059542349784,"Normal_higher",FALSE,FALSE,TRUE
"CREB3L1","Luminal_Epithelial","HER2_Positive","Normal","HER2_Positive vs Normal",5.24892970162203,4.7566476882153,28.9119926595141,0.000229471550221089,0.0237948503456174,"HER2_Positive_higher",FALSE,FALSE,FALSE
"HOXB6","Luminal_Epithelial","HER2_Positive","Normal","HER2_Positive vs Normal",5.2347488702198,3.52081103544895,24.9216063734581,0.000413689681350948,0.029963614190183,"HER2_Positive_higher",FALSE,FALSE,FALSE
"ANXA2R","Luminal_Epithelial","HER2_Positive","Normal","HER2_Positive vs Normal",5.19742137094703,1.82275028922779,33.5693968829518,0.000100967111323518,0.0180648142602256,"HER2_Positive_higher",FALSE,FALSE,FALSE
"NDRG2","Luminal_Epithelial","HER2_Positive","Normal","HER2_Positive vs Normal",-5.18063137124962,7.50419135901337,22.4218709696638,0.000618070769412631,0.0331106853610584,"Normal_higher",FALSE,FALSE,FALSE
"LUCAT1","Luminal_Epithelial","HER2_Positive","Normal","HER2_Positive vs Normal",-5.15550866461397,4.03452203670632,23.9606251852241,0.000315055718531105,0.0275244246703883,"Normal_higher",FALSE,FALSE,FALSE
"PPP1R1A","Luminal_Epithelial","HER2_Positive","Normal","HER2_Positive vs Normal",5.1274289604826,3.63897962287404,31.1279372334658,0.000169172643890099,0.0216862966117358,"HER2_Positive_higher",FALSE,FALSE,FALSE
"MARC1","Luminal_Epithelial","HER2_Positive","Normal","HER2_Positive vs Normal",5.1273176111778,3.04371641500125,37.4260140723883,7.58832018553267e-05,0.0175592481613378,"HER2_Positive_higher",FALSE,FALSE,FALSE
"RAET1L","Luminal_Epithelial","HER2_Positive","Normal","HER2_Positive vs Normal",-5.12183142524482,2.01667720132017,40.7725170827743,3.21242088687177e-05,0.0144680790356663,"Normal_higher",FALSE,FALSE,FALSE
"INHBA","Luminal_Epithelial","HER2_Positive","Normal","HER2_Positive vs Normal",-5.12076165438513,2.70092276083024,46.6797651960877,1.77105993236236e-05,0.0139684146224573,"Normal_higher",FALSE,FALSE,FALSE
"CHI3L2","Luminal_Epithelial","HER2_Positive","Normal","HER2_Positive vs Normal",-5.11172837194894,6.22022131414253,24.9609608274122,0.00038589979696919,0.0284759166565796,"Normal_higher",FALSE,FALSE,FALSE
"SLCO4A1","Luminal_Epithelial","HER2_Positive","Normal","HER2_Positive vs Normal",-5.07750419071718,2.21326247020893,37.6522458019315,4.92447136768445e-05,0.0153005002815531,"Normal_higher",FALSE,FALSE,FALSE
"CAV1","Luminal_Epithelial","HER2_Positive","Normal","HER2_Positive vs Normal",-5.07559370220853,4.73566851940128,36.4378942302973,5.73712359424746e-05,0.0156109523467638,"Normal_higher",FALSE,FALSE,FALSE
"GLYATL1","Luminal_Epithelial","HER2_Positive","Normal","HER2_Positive vs Normal",4.9899501321455,2.28450942335075,22.6151336506946,0.000573250429568259,0.0328521049934423,"HER2_Positive_higher",FALSE,FALSE,FALSE
"PRKCDBP","Luminal_Epithelial","HER2_Positive","Normal","HER2_Positive vs Normal",-4.98683680855445,5.48825792276381,33.6401544412336,0.000102511056243085,0.0180932014269046,"Normal_higher",FALSE,FALSE,FALSE
"ATP6V0A4","Luminal_Epithelial","HER2_Positive","Normal","HER2_Positive vs Normal",4.96852912704569,1.79242152239413,61.3148752395305,6.46144110113587e-06,0.0077860310207576,"HER2_Positive_higher",FALSE,FALSE,FALSE
"SHISA9","Luminal_Epithelial","HER2_Positive","Normal","HER2_Positive vs Normal",4.94955065639153,1.51379280487487,29.1483750639072,0.00018233967170763,0.0220512819645681,"HER2_Positive_higher",FALSE,FALSE,FALSE
"LFNG","Luminal_Epithelial","HER2_Positive","Normal","HER2_Positive vs Normal",4.94594499842503,1.45673441607055,22.4850810437094,0.000518274355869272,0.0320814282559647,"HER2_Positive_higher",FALSE,FALSE,FALSE
"OSR2","Luminal_Epithelial","HER2_Positive","Normal","HER2_Positive vs Normal",4.87466320603943,3.32135319467965,18.7780047463837,0.00120393468276702,0.0431550528331124,"HER2_Positive_higher",FALSE,FALSE,FALSE
"CAMK1D","Luminal_Epithelial","HER2_Positive","Normal","HER2_Positive vs Normal",4.87135222221973,4.3970723741679,22.7838473784773,0.000588464416742509,0.0329222258042064,"HER2_Positive_higher",FALSE,FALSE,FALSE
"HRASLS5","Luminal_Epithelial","HER2_Positive","Normal","HER2_Positive vs Normal",4.82984578501194,1.74353178481195,23.1616286208032,0.000495883564417352,0.0316365550199269,"HER2_Positive_higher",FALSE,FALSE,FALSE
"EGR4","Luminal_Epithelial","HER2_Positive","Normal","HER2_Positive vs Normal",4.81839995227318,0.0453369698975407,60.0549128797603,2.11221954897415e-06,0.00459794992152523,"HER2_Positive_higher",FALSE,FALSE,FALSE
"MAPK10","Luminal_Epithelial","HER2_Positive","Normal","HER2_Positive vs Normal",4.78148923095242,1.03255610427783,35.0391956460392,7.25057642238268e-05,0.0175369960468037,"HER2_Positive_higher",FALSE,FALSE,FALSE
"ATP8A1","Luminal_Epithelial","HER2_Positive","Normal","HER2_Positive vs Normal",4.77099274132142,1.54875877954578,45.2479031799756,2.72297612918471e-05,0.0144680790356663,"HER2_Positive_higher",FALSE,FALSE,FALSE
"BEST1","Luminal_Epithelial","HER2_Positive","Normal","HER2_Positive vs Normal",-4.76745804184546,5.91183321332543,36.0224355954054,8.35573039657109e-05,0.0176621449093916,"Normal_higher",FALSE,FALSE,FALSE
"MTSS1","Luminal_Epithelial","HER2_Positive","Normal","HER2_Positive vs Normal",4.76072483823319,5.50594040358418,19.9064382039418,0.000972014464521047,0.0406968579849252,"HER2_Positive_higher",FALSE,FALSE,FALSE
"SAMD13","Luminal_Epithelial","HER2_Positive","Normal","HER2_Positive vs Normal",4.71161896872302,2.06700924157955,25.8938734912109,0.000336080807892575,0.0275244246703883,"HER2_Positive_higher",FALSE,FALSE,FALSE
"ST6GALNAC5","Luminal_Epithelial","HER2_Positive","Normal","HER2_Positive vs Normal",-4.70901691064932,2.33601002775597,19.8682753874761,0.000772033038132664,0.0367432302683086,"Normal_higher",FALSE,FALSE,FALSE
"AKAP12","Luminal_Epithelial","HER2_Positive","Normal","HER2_Positive vs Normal",-4.67775113089847,4.05928153006597,16.0296168534821,0.0016554203141254,0.0479954757951114,"Normal_higher",FALSE,FALSE,FALSE
"CXCL3","Luminal_Epithelial","HER2_Positive","Normal","HER2_Positive vs Normal",-4.67332143590672,7.41009666503868,17.9408630175855,0.00141146252826409,0.0452951156797476,"Normal_higher",FALSE,FALSE,FALSE
"DAPK1","Luminal_Epithelial","HER2_Positive","Normal","HER2_Positive vs Normal",4.6732737409415,2.44718085794002,25.5133716957548,0.000368631023737333,0.0281529817257313,"HER2_Positive_higher",FALSE,FALSE,FALSE
"WBP1","Luminal_Epithelial","HER2_Positive","Normal","HER2_Positive vs Normal",4.65916537363036,4.40381464667687,29.978792249469,0.000197786792830168,0.0231636525653445,"HER2_Positive_higher",FALSE,FALSE,FALSE
"PTRF","Luminal_Epithelial","HER2_Positive","Normal","HER2_Positive vs Normal",-4.64221696637408,5.31595865949556,32.5407059148279,0.000121446925433687,0.0198277286636173,"Normal_higher",FALSE,FALSE,FALSE
"RP11-290D2.6","Luminal_Epithelial","HER2_Positive","Normal","HER2_Positive vs Normal",4.58711628012642,3.20585934191975,21.0497645066642,0.000792954569592724,0.0373890961496411,"HER2_Positive_higher",FALSE,FALSE,FALSE
"GRB7","Luminal_Epithelial","HER2_Positive","Normal","HER2_Positive vs Normal",4.58542726310899,8.62908771621482,17.5806156463798,0.00151644554081115,0.0459121001138935,"HER2_Positive_higher",FALSE,FALSE,FALSE
"PIP","Luminal_Epithelial","HER2_Positive","Normal","HER2_Positive vs Normal",4.57208443778675,7.29707592286599,17.5888103449306,0.00151452587063653,0.0459121001138935,"HER2_Positive_higher",FALSE,FALSE,FALSE
"ROPN1B","Luminal_Epithelial","HER2_Positive","Normal","HER2_Positive vs Normal",-4.57039175640075,3.04118510584322,19.4095877495583,0.000758597947411672,0.0367432302683086,"Normal_higher",FALSE,FALSE,FALSE
"DOK5","Luminal_Epithelial","HER2_Positive","Normal","HER2_Positive vs Normal",-4.56912610584799,0.854177728193695,16.6062544307135,0.00128880242001056,0.0445023499032362,"Normal_higher",FALSE,FALSE,FALSE
"TMOD1","Luminal_Epithelial","HER2_Positive","Normal","HER2_Positive vs Normal",-4.5613638118139,2.35567816250017,16.4943189176424,0.00153975210876944,0.0460199137131297,"Normal_higher",FALSE,FALSE,FALSE
"EGR2","Luminal_Epithelial","HER2_Positive","Normal","HER2_Positive vs Normal",4.55433163770601,2.28376760265932,45.3621564505423,3.19133582798334e-05,0.0144680790356663,"HER2_Positive_higher",FALSE,FALSE,FALSE
"RBPMS-AS1","Luminal_Epithelial","HER2_Positive","Normal","HER2_Positive vs Normal",-4.55224437038988,3.77333379478878,28.9745336678418,0.000142993155314494,0.021223109108666,"Normal_higher",FALSE,FALSE,FALSE
"CYP4X1","Luminal_Epithelial","HER2_Positive","Normal","HER2_Positive vs Normal",4.54696608133556,3.90216690167184,22.9967617554164,0.000568531627265636,0.0328521049934423,"HER2_Positive_higher",FALSE,FALSE,FALSE
"KRT5","Luminal_Epithelial","HER2_Positive","Normal","HER2_Positive vs Normal",-4.54331845548676,5.76862347989499,23.9353168600817,0.000458814082423083,0.0310495892773466,"Normal_higher",FALSE,FALSE,TRUE
"ACSL4","Luminal_Epithelial","HER2_Positive","Normal","HER2_Positive vs Normal",-4.53455175747202,2.54570083282415,43.545783733374,2.2494511747895e-05,0.0141451235792237,"Normal_higher",FALSE,FALSE,FALSE
"PAPSS2","Luminal_Epithelial","HER2_Positive","Normal","HER2_Positive vs Normal",4.52182131588615,5.11569407770947,35.814589423752,9.33074036251453e-05,0.0176621449093916,"HER2_Positive_higher",FALSE,FALSE,FALSE
"SFRP1","Luminal_Epithelial","HER2_Positive","Normal","HER2_Positive vs Normal",-4.50268351672161,6.89778776888596,18.9674999528231,0.00115247552749515,0.0427360131918435,"Normal_higher",FALSE,FALSE,FALSE
"GET4","Luminal_Epithelial","HER2_Positive","Normal","HER2_Positive vs Normal",4.49009129035704,3.29486177862784,21.4154406524023,0.000744454023058738,0.0367339101812943,"HER2_Positive_higher",FALSE,FALSE,FALSE
"FGF2","Luminal_Epithelial","HER2_Positive","Normal","HER2_Positive vs Normal",-4.48332326434804,2.3186806805345,16.6265911639673,0.00149374884804905,0.0458131168596374,"Normal_higher",FALSE,FALSE,FALSE
"FZD4","Luminal_Epithelial","HER2_Positive","Normal","HER2_Positive vs Normal",4.48308055070851,2.14262405375804,22.7486716350201,0.000573484414555152,0.0328521049934423,"HER2_Positive_higher",FALSE,FALSE,FALSE
"RARRES1","Luminal_Epithelial","HER2_Positive","Normal","HER2_Positive vs Normal",-4.47114573225955,10.0851000621201,22.7224227884253,0.000590524651777499,0.0329222258042064,"Normal_higher",FALSE,FALSE,FALSE
"RP11-793H13.3","Luminal_Epithelial","HER2_Positive","Normal","HER2_Positive vs Normal",4.46094614592524,0.913286660865745,19.5970973698552,0.000855687577830717,0.0386717489759412,"HER2_Positive_higher",FALSE,FALSE,FALSE
"HES7","Luminal_Epithelial","HER2_Positive","Normal","HER2_Positive vs Normal",-4.43689078061789,1.47011346082339,19.146214122103,0.000878283745921652,0.0391489707528652,"Normal_higher",FALSE,FALSE,FALSE
"HOXA-AS2","Luminal_Epithelial","HER2_Positive","Normal","HER2_Positive vs Normal",-4.43312878730022,1.12933124108184,44.6622730681891,1.8412659057275e-05,0.0139684146224573,"Normal_higher",FALSE,FALSE,FALSE
"PDE4D","Luminal_Epithelial","HER2_Positive","Normal","HER2_Positive vs Normal",4.42410181584936,2.58467804625003,19.8280061476494,0.000980789279703053,0.0406968579849252,"HER2_Positive_higher",FALSE,FALSE,FALSE
"KRT16","Luminal_Epithelial","HER2_Positive","Normal","HER2_Positive vs Normal",-4.4086016752255,7.09947420798787,19.1351688081511,0.00111950778983456,0.0422138057897841,"Normal_higher",FALSE,FALSE,FALSE
"CTD-2139B15.2","Luminal_Epithelial","HER2_Positive","Normal","HER2_Positive vs Normal",-4.38551506452959,1.32352132041934,16.7358336914243,0.00144222973659571,0.0454283676219455,"Normal_higher",FALSE,FALSE,FALSE
"ASCL2","Luminal_Epithelial","HER2_Positive","Normal","HER2_Positive vs Normal",4.3805525664145,2.65969926752913,40.5898107304516,5.37714282325477e-05,0.0153005002815531,"HER2_Positive_higher",FALSE,FALSE,FALSE
"SLC43A3","Luminal_Epithelial","HER2_Positive","Normal","HER2_Positive vs Normal",-4.37977380549409,5.29511528385678,24.4369208134726,0.000411484834386858,0.029963614190183,"Normal_higher",FALSE,FALSE,FALSE
"SLC40A1","Luminal_Epithelial","HER2_Positive","Normal","HER2_Positive vs Normal",4.36594679491419,5.59306479852549,36.6009170437594,8.47781302890246e-05,0.0176621449093916,"HER2_Positive_higher",FALSE,FALSE,FALSE
"DSC3","Luminal_Epithelial","HER2_Positive","Normal","HER2_Positive vs Normal",-4.35491241219102,2.41903997506513,20.5214355389977,0.000644120549593395,0.0334201079667587,"Normal_higher",FALSE,FALSE,FALSE
"RP11-798G7.6","Luminal_Epithelial","HER2_Positive","Normal","HER2_Positive vs Normal",-4.35317207892085,0.749216514042567,21.7640838429156,0.000444802117603613,0.030773892315494,"Normal_higher",FALSE,FALSE,FALSE
"GYG2","Luminal_Epithelial","HER2_Positive","Normal","HER2_Positive vs Normal",4.35100410430159,1.22327774135982,18.8430410868014,0.00107254589813942,0.0417671400737343,"HER2_Positive_higher",FALSE,FALSE,FALSE
"IGF2BP2","Luminal_Epithelial","HER2_Positive","Normal","HER2_Positive vs Normal",-4.34324179587129,3.93920804828036,28.5727105485327,0.000165592099369731,0.0216862966117358,"Normal_higher",FALSE,FALSE,FALSE
"CLMP","Luminal_Epithelial","HER2_Positive","Normal","HER2_Positive vs Normal",-4.33146511124514,1.30814409620749,25.4499453749964,0.000272545080473404,0.0259681299709,"Normal_higher",FALSE,FALSE,FALSE
"GJA1","Luminal_Epithelial","HER2_Positive","Normal","HER2_Positive vs Normal",-4.31137274103114,1.27045644153877,19.6051292519444,0.000790380502163788,0.0373890961496411,"Normal_higher",FALSE,FALSE,FALSE
"AKT3","Luminal_Epithelial","HER2_Positive","Normal","HER2_Positive vs Normal",-4.29947490363031,2.63506451007518,17.7276103163289,0.00110547358952493,0.0422138057897841,"Normal_higher",FALSE,FALSE,FALSE
"OSMR-AS1","Luminal_Epithelial","HER2_Positive","Normal","HER2_Positive vs Normal",-4.2841661141642,1.90793175608584,21.0421555970739,0.000619226122616685,0.0331106853610584,"Normal_higher",FALSE,FALSE,FALSE
"SCGB2A2","Luminal_Epithelial","HER2_Positive","Normal","HER2_Positive vs Normal",4.28049151592302,11.0380014565287,19.5673922549834,0.00103243083910308,0.0412916846221031,"HER2_Positive_higher",FALSE,FALSE,FALSE
"AC144450.2","Luminal_Epithelial","HER2_Positive","Normal","HER2_Positive vs Normal",4.22321380569393,1.0057879895819,32.877763704394,0.000107393228661213,0.018541570670083,"HER2_Positive_higher",FALSE,FALSE,FALSE
"RASL11A","Luminal_Epithelial","HER2_Positive","Normal","HER2_Positive vs Normal",4.20917390861985,3.74069945474786,31.7891001865158,0.000155484236929076,0.0216862966117358,"HER2_Positive_higher",FALSE,FALSE,FALSE
"FBXO2","Luminal_Epithelial","HER2_Positive","Normal","HER2_Positive vs Normal",-4.20569713166132,7.15646472543983,18.0000528959135,0.0013965390923567,0.0452453189244772,"Normal_higher",FALSE,FALSE,FALSE
"CH507-42P11.8","Luminal_Epithelial","HER2_Positive","Normal","HER2_Positive vs Normal",4.1606565511807,2.3612231027136,17.5277045431909,0.00152559922283361,0.0459121001138935,"HER2_Positive_higher",FALSE,FALSE,FALSE
"RP11-803D5.4","Luminal_Epithelial","HER2_Positive","Normal","HER2_Positive vs Normal",-4.15198917721036,1.82252033298336,32.9527667887149,9.12512929531163e-05,0.0176621449093916,"Normal_higher",FALSE,FALSE,FALSE
"ZBTB16","Luminal_Epithelial","HER2_Positive","Normal","HER2_Positive vs Normal",-4.1424621714691,2.05998224810635,24.6843304309589,0.000310473773524519,0.0275244246703883,"Normal_higher",FALSE,FALSE,FALSE
"TRPV6","Luminal_Epithelial","HER2_Positive","Normal","HER2_Positive vs Normal",4.13959604904612,3.41539915444163,18.5219310522671,0.0012685739517076,0.0443404753468482,"HER2_Positive_higher",FALSE,FALSE,FALSE
"EPHB6","Luminal_Epithelial","HER2_Positive","Normal","HER2_Positive vs Normal",4.13257171818863,3.11861391944926,20.3783819394186,0.000895672012266882,0.0391489707528652,"HER2_Positive_higher",FALSE,FALSE,FALSE
"STARD3","Luminal_Epithelial","HER2_Positive","Normal","HER2_Positive vs Normal",4.12208087883932,7.57582570456323,17.1478176239698,0.00165535482875064,0.0479954757951114,"HER2_Positive_higher",FALSE,FALSE,FALSE
"GGT1","Luminal_Epithelial","HER2_Positive","Normal","HER2_Positive vs Normal",4.12049325855629,2.71075737412158,26.0515675021815,0.000347577507381069,0.0275244246703883,"HER2_Positive_higher",FALSE,FALSE,FALSE
"ALDH1A1","Luminal_Epithelial","HER2_Positive","Normal","HER2_Positive vs Normal",4.10526261567744,1.92581034095695,18.8499156500662,0.00115502738356334,0.0427360131918435,"HER2_Positive_higher",FALSE,FALSE,FALSE
"PRSS27","Luminal_Epithelial","HER2_Positive","Normal","HER2_Positive vs Normal",4.07410885392113,3.5763623898965,19.4310535537367,0.00106693286481292,0.0417671400737343,"HER2_Positive_higher",FALSE,FALSE,FALSE
"ABCA1","Luminal_Epithelial","HER2_Positive","Normal","HER2_Positive vs Normal",4.06670851121281,2.57777478988027,20.4171766052934,0.000884177205928237,0.0391489707528652,"HER2_Positive_higher",FALSE,FALSE,FALSE
"SIDT1","Luminal_Epithelial","HER2_Positive","Normal","HER2_Positive vs Normal",4.06230232368533,2.19449142814366,26.103245719618,0.000341658911045155,0.0275244246703883,"HER2_Positive_higher",FALSE,FALSE,FALSE
"TPPP3","Luminal_Epithelial","HER2_Positive","Normal","HER2_Positive vs Normal",4.05778995572063,3.98928969593503,19.118670241893,0.00113040196641916,0.0422138057897841,"HER2_Positive_higher",FALSE,FALSE,FALSE
"AMACR","Luminal_Epithelial","HER2_Positive","Normal","HER2_Positive vs Normal",4.05683417801278,1.60061419048664,22.8040654633486,0.00055487596870988,0.032792918675655,"HER2_Positive_higher",FALSE,FALSE,FALSE
"ARHGAP4","Luminal_Epithelial","HER2_Positive","Normal","HER2_Positive vs Normal",4.02671927391547,0.846315073090239,28.7586485351438,0.000198586580033112,0.0231636525653445,"HER2_Positive_higher",FALSE,FALSE,FALSE
"CMTM7","Luminal_Epithelial","HER2_Positive","Normal","HER2_Positive vs Normal",-3.98827770645319,6.28296239151373,19.5653956723066,0.00102710484602721,0.0412769735198812,"Normal_higher",FALSE,FALSE,FALSE
"ZNF10","Luminal_Epithelial","HER2_Positive","Normal","HER2_Positive vs Normal",3.96884944919445,3.33650011167413,42.5299358698097,4.4444952617831e-05,0.015276198056355,"HER2_Positive_higher",FALSE,FALSE,FALSE
"LAMC2","Luminal_Epithelial","HER2_Positive","Normal","HER2_Positive vs Normal",-3.95101617989126,4.5920217159375,25.3369260794986,0.000341708520643229,0.0275244246703883,"Normal_higher",FALSE,FALSE,FALSE
"FOS","Luminal_Epithelial","HER2_Positive","Normal","HER2_Positive vs Normal",3.92706963666299,10.6256041433065,18.0273228254155,0.00138749875369197,0.0451923222493036,"HER2_Positive_higher",FALSE,FALSE,FALSE
"SLC9A2","Luminal_Epithelial","HER2_Positive","Normal","HER2_Positive vs Normal",3.89724740017698,0.967243885231924,16.6556290824424,0.00167418358809913,0.0482704455721031,"HER2_Positive_higher",FALSE,FALSE,FALSE
"FNDC4","Luminal_Epithelial","HER2_Positive","Normal","HER2_Positive vs Normal",-3.8937964960814,2.88211611215088,23.8235242517608,0.000323535283023554,0.0275244246703883,"Normal_higher",FALSE,FALSE,FALSE
"MYB","Luminal_Epithelial","HER2_Positive","Normal","HER2_Positive vs Normal",3.87866273686598,3.33910950398997,31.4187597750676,0.000163232327223305,0.0216862966117358,"HER2_Positive_higher",FALSE,FALSE,FALSE
"MT-ND4L","Luminal_Epithelial","HER2_Positive","Normal","HER2_Positive vs Normal",3.8785645442977,10.5399719886607,20.7381371136622,0.000833254517798571,0.0381864465156742,"HER2_Positive_higher",FALSE,FALSE,FALSE
"TMEM156","Luminal_Epithelial","HER2_Positive","Normal","HER2_Positive vs Normal",-3.85703263526986,1.82380718825636,18.9980357407806,0.000895997595335383,0.0391489707528652,"Normal_higher",FALSE,FALSE,FALSE
"MIR99AHG","Luminal_Epithelial","HER2_Positive","Normal","HER2_Positive vs Normal",3.83713190256623,1.84190075824252,19.6726549391628,0.000991803732222046,0.0406968579849252,"HER2_Positive_higher",FALSE,FALSE,FALSE
"LIPG","Luminal_Epithelial","HER2_Positive","Normal","HER2_Positive vs Normal",-3.82429187071962,1.44099731463432,21.9620666835253,0.000522734930392872,0.0322049100276477,"Normal_higher",FALSE,FALSE,FALSE
"METTL7A","Luminal_Epithelial","HER2_Positive","Normal","HER2_Positive vs Normal",3.79844289967802,3.37295186190168,22.0400604887024,0.00066815277554672,0.0339219255699882,"HER2_Positive_higher",FALSE,FALSE,FALSE
"MSMB","Luminal_Epithelial","HER2_Positive","Normal","HER2_Positive vs Normal",3.79484867419403,3.13401373790552,17.7200156518505,0.00148400344349935,0.0458131168596374,"HER2_Positive_higher",FALSE,FALSE,FALSE
"ADAM12","Luminal_Epithelial","HER2_Positive","Normal","HER2_Positive vs Normal",-3.78872912781455,0.235695142034555,35.7185440478875,4.58972567008493e-05,0.0153005002815531,"Normal_higher",FALSE,FALSE,FALSE
"ACY1","Luminal_Epithelial","HER2_Positive","Normal","HER2_Positive vs Normal",3.76999545948172,2.93501550537972,40.4313790554375,5.54603392458995e-05,0.0154120742742701,"HER2_Positive_higher",FALSE,FALSE,FALSE
"ELOVL6","Luminal_Epithelial","HER2_Positive","Normal","HER2_Positive vs Normal",-3.75974739052318,2.6938218876558,31.4978057097793,9.24313626579653e-05,0.0176621449093916,"Normal_higher",FALSE,FALSE,FALSE
"SDCBP2","Luminal_Epithelial","HER2_Positive","Normal","HER2_Positive vs Normal",-3.75144460132634,6.08866916831888,23.7884248290132,0.00049173127770656,0.0316365550199269,"Normal_higher",FALSE,FALSE,FALSE
"DACH1","Luminal_Epithelial","HER2_Positive","Normal","HER2_Positive vs Normal",3.74155554651514,1.46210646836507,19.4560560474033,0.00101993205273218,0.0411550652134058,"HER2_Positive_higher",FALSE,FALSE,FALSE
"C5orf49","Luminal_Epithelial","HER2_Positive","Normal","HER2_Positive vs Normal",3.73736861840191,1.95094427539948,29.4291314060536,0.000208270655585644,0.0233494514010002,"HER2_Positive_higher",FALSE,FALSE,FALSE
"ENTPD3","Luminal_Epithelial","HER2_Positive","Normal","HER2_Positive vs Normal",3.72705376511782,1.28461021777437,22.4206516888792,0.000580357424104085,0.0329222258042064,"HER2_Positive_higher",FALSE,FALSE,FALSE
"CTSV","Luminal_Epithelial","HER2_Positive","Normal","HER2_Positive vs Normal",-3.72646603404733,4.73725156718354,17.5471809360943,0.00144691837766858,0.0454283676219455,"Normal_higher",FALSE,FALSE,FALSE
"IL23A","Luminal_Epithelial","HER2_Positive","Normal","HER2_Positive vs Normal",-3.72620444150836,2.39800698655102,18.5988046451569,0.000892645555024717,0.0391489707528652,"Normal_higher",FALSE,FALSE,FALSE
"IFI27L2","Luminal_Epithelial","HER2_Positive","Normal","HER2_Positive vs Normal",-3.70545238005836,5.13530235938952,18.5794957012684,0.00120600216553756,0.0431550528331124,"Normal_higher",FALSE,FALSE,FALSE
"C9orf47","Luminal_Epithelial","HER2_Positive","Normal","HER2_Positive vs Normal",3.66250110399998,0.496762472937282,17.1543957331601,0.00143000387294639,0.0454283676219455,"HER2_Positive_higher",FALSE,FALSE,FALSE
"SERPINB8","Luminal_Epithelial","HER2_Positive","Normal","HER2_Positive vs Normal",-3.65617869712594,3.54550601353408,51.5196454937558,1.14373829425783e-05,0.0114910506625396,"Normal_higher",FALSE,FALSE,FALSE
"TXNIP","Luminal_Epithelial","HER2_Positive","Normal","HER2_Positive vs Normal",-3.63818521242901,6.96691261167555,22.6855091976699,0.000595345353525611,0.0329222258042064,"Normal_higher",FALSE,FALSE,FALSE
"SLC2A13","Luminal_Epithelial","HER2_Positive","Normal","HER2_Positive vs Normal",3.6256489509134,2.03389830833877,30.8882086474142,0.000171345426718884,0.0216862966117358,"HER2_Positive_higher",FALSE,FALSE,FALSE
"TPT1-AS1","Luminal_Epithelial","HER2_Positive","Normal","HER2_Positive vs Normal",-3.61493650662358,6.24882955360412,46.3429188138229,2.97564260752529e-05,0.0144680790356663,"Normal_higher",FALSE,FALSE,FALSE
"C21orf33","Luminal_Epithelial","HER2_Positive","Normal","HER2_Positive vs Normal",3.61335159005006,1.41547041409983,22.5310081452074,0.000586621459066565,0.0329222258042064,"HER2_Positive_higher",FALSE,FALSE,FALSE
"ALDH1A3","Luminal_Epithelial","HER2_Positive","Normal","HER2_Positive vs Normal",-3.60899473077756,6.89789120781615,23.7462792795285,0.000499299272930118,0.0316570281734965,"Normal_higher",FALSE,FALSE,FALSE
"LYN","Luminal_Epithelial","HER2_Positive","Normal","HER2_Positive vs Normal",-3.60721255790079,5.06418086569271,20.9902039783497,0.000769316304390372,0.0367432302683086,"Normal_higher",FALSE,FALSE,FALSE
"RP11-321G12.1","Luminal_Epithelial","HER2_Positive","Normal","HER2_Positive vs Normal",3.59866693530397,0.0402391465114562,18.3041470133742,0.00103379380379969,0.0412916846221031,"HER2_Positive_higher",FALSE,FALSE,FALSE
"TTC6","Luminal_Epithelial","HER2_Positive","Normal","HER2_Positive vs Normal",3.59603613437166,2.64568092937889,78.5492398457661,2.5391103793579e-06,0.00473761723782764,"HER2_Positive_higher",FALSE,FALSE,FALSE
"HENMT1","Luminal_Epithelial","HER2_Positive","Normal","HER2_Positive vs Normal",3.59443971976483,3.45331919987319,37.1354022161272,8.03162380447048e-05,0.0176508409119218,"HER2_Positive_higher",FALSE,FALSE,FALSE
"AP000769.1","Luminal_Epithelial","HER2_Positive","Normal","HER2_Positive vs Normal",3.59368546645297,4.28347439463564,22.970400351517,0.000568714824157503,0.0328521049934423,"HER2_Positive_higher",FALSE,FALSE,FALSE
"PARD6G-AS1","Luminal_Epithelial","HER2_Positive","Normal","HER2_Positive vs Normal",3.58965064231154,3.35988970984672,27.442217874401,0.000283683670008661,0.0262696300387464,"HER2_Positive_higher",FALSE,FALSE,FALSE
"PTK6","Luminal_Epithelial","HER2_Positive","Normal","HER2_Positive vs Normal",3.58337915353649,3.66548017946613,23.6290566928117,0.000511571216629286,0.0319695294755746,"HER2_Positive_higher",FALSE,FALSE,FALSE
"MMP14","Luminal_Epithelial","HER2_Positive","Normal","HER2_Positive vs Normal",-3.57901336168408,4.07646709622544,17.5887370790799,0.00136664261964444,0.0449897291236725,"Normal_higher",FALSE,FALSE,FALSE
"HSPA1B","Luminal_Epithelial","HER2_Positive","Normal","HER2_Positive vs Normal",3.57654734146485,9.55801711012464,27.0876726812618,0.000296227704829996,0.0265049588092486,"HER2_Positive_higher",FALSE,FALSE,FALSE
"NBL1","Luminal_Epithelial","HER2_Positive","Normal","HER2_Positive vs Normal",-3.56702019345169,4.13336490599088,19.1809949604372,0.00100150553310292,0.0406968579849252,"Normal_higher",FALSE,FALSE,FALSE
"CRACR2B","Luminal_Epithelial","HER2_Positive","Normal","HER2_Positive vs Normal",3.56036501418422,6.34257289254767,39.0728733479865,6.3708683124436e-05,0.0160019059670819,"HER2_Positive_higher",FALSE,FALSE,FALSE
"ELK3","Luminal_Epithelial","HER2_Positive","Normal","HER2_Positive vs Normal",-3.55341004813531,4.1070935623617,42.9438026882824,3.38524496173601e-05,0.0146631972079282,"Normal_higher",FALSE,FALSE,FALSE
"SPDEF","Luminal_Epithelial","HER2_Positive","Normal","HER2_Positive vs Normal",3.54609718138218,6.76310885735762,32.1687900832417,0.000146344608442702,0.0214764823693273,"HER2_Positive_higher",FALSE,FALSE,FALSE
"DNAJB1","Luminal_Epithelial","HER2_Positive","Normal","HER2_Positive vs Normal",3.5435809593465,9.43589052058664,29.4502241739514,0.000210951325726822,0.0233494514010002,"HER2_Positive_higher",FALSE,FALSE,FALSE
"COL6A2","Luminal_Epithelial","HER2_Positive","Normal","HER2_Positive vs Normal",-3.54086414335282,5.03466312601382,25.245028533836,0.000377222853004799,0.0283991477391347,"Normal_higher",FALSE,FALSE,FALSE
"HIST1H2AK","Luminal_Epithelial","HER2_Positive","Normal","HER2_Positive vs Normal",3.53549572053641,0.100825331289458,17.3213635453021,0.00130871828263535,0.0446296853511758,"HER2_Positive_higher",FALSE,FALSE,FALSE
"EPB41L3","Luminal_Epithelial","HER2_Positive","Normal","HER2_Positive vs Normal",3.53264444813067,1.86263452941038,17.1544466145009,0.00163134520031228,0.0476666659089007,"HER2_Positive_higher",FALSE,FALSE,FALSE
"NR4A2","Luminal_Epithelial","HER2_Positive","Normal","HER2_Positive vs Normal",3.53141375750907,5.49573294774793,24.0986394913615,0.000471080097200751,0.0313609197056284,"HER2_Positive_higher",FALSE,FALSE,FALSE
"BLNK","Luminal_Epithelial","HER2_Positive","Normal","HER2_Positive vs Normal",3.52686410396921,3.58580183203431,25.2217009676938,0.000396701613471506,0.0291085380536592,"HER2_Positive_higher",FALSE,FALSE,FALSE
"PRKACB","Luminal_Epithelial","HER2_Positive","Normal","HER2_Positive vs Normal",3.52405634841418,3.77007173214686,39.9161664765977,5.8594648093462e-05,0.0156184632397695,"HER2_Positive_higher",FALSE,FALSE,FALSE
"HSPA1A","Luminal_Epithelial","HER2_Positive","Normal","HER2_Positive vs Normal",3.51573601545106,10.3660116737112,20.1774737252327,0.000922345546219712,0.0397604957064943,"HER2_Positive_higher",FALSE,FALSE,FALSE
"CEBPB","Luminal_Epithelial","HER2_Positive","Normal","HER2_Positive vs Normal",-3.51414881699473,8.25427552208698,21.3024843480368,0.00075480208235109,0.0367432302683086,"Normal_higher",FALSE,FALSE,FALSE
"RIMS2","Luminal_Epithelial","HER2_Positive","Normal","HER2_Positive vs Normal",3.5041367491127,0.96666169207436,23.3722955503976,0.000480228873998582,0.0315189413230928,"HER2_Positive_higher",FALSE,FALSE,FALSE
"NGRN","Luminal_Epithelial","HER2_Positive","Normal","HER2_Positive vs Normal",3.50065516502454,5.58262381177632,19.7921176376982,0.000991219486816718,0.0406968579849252,"HER2_Positive_higher",FALSE,FALSE,FALSE
"GRHL2","Luminal_Epithelial","HER2_Positive","Normal","HER2_Positive vs Normal",3.49572839584861,4.87313050006836,29.8127620175684,0.000201342102762716,0.0231636525653445,"HER2_Positive_higher",FALSE,FALSE,FALSE
"NES","Luminal_Epithelial","HER2_Positive","Normal","HER2_Positive vs Normal",-3.49389731145866,2.19208317059726,15.6592071428199,0.00171892589014245,0.0490194127754377,"Normal_higher",FALSE,FALSE,FALSE
"GPR160","Luminal_Epithelial","HER2_Positive","Normal","HER2_Positive vs Normal",3.48049125433381,5.82844288588711,33.821930186119,0.000118613642824732,0.0196102884675168,"HER2_Positive_higher",FALSE,FALSE,FALSE
"RP4-639F20.1","Luminal_Epithelial","HER2_Positive","Normal","HER2_Positive vs Normal",-3.47103446216527,0.596166030874885,22.1438876976514,0.000490828019776209,0.0316365550199269,"Normal_higher",FALSE,FALSE,FALSE
"C9orf152","Luminal_Epithelial","HER2_Positive","Normal","HER2_Positive vs Normal",3.43921806120536,4.13228486159291,43.3881462494185,4.04341248088916e-05,0.0146697251146926,"HER2_Positive_higher",FALSE,FALSE,FALSE
"BIRC3","Luminal_Epithelial","HER2_Positive","Normal","HER2_Positive vs Normal",-3.43038775201952,6.94077399910751,17.5798614369621,0.00151997621714844,0.0459121001138935,"Normal_higher",FALSE,FALSE,FALSE
"PINX1","Luminal_Epithelial","HER2_Positive","Normal","HER2_Positive vs Normal",-3.42247319833184,3.76473373547002,27.0121462019033,0.000248513679155572,0.0247773829271063,"Normal_higher",FALSE,FALSE,FALSE
"ABL2","Luminal_Epithelial","HER2_Positive","Normal","HER2_Positive vs Normal",-3.42146625919886,5.05391029318056,25.4013584436721,0.000370745950296745,0.0281529817257313,"Normal_higher",FALSE,FALSE,FALSE
"CD68","Luminal_Epithelial","HER2_Positive","Normal","HER2_Positive vs Normal",-3.42083548456017,5.29355000864641,20.745115460335,0.000818072449602953,0.0379274425193134,"Normal_higher",FALSE,FALSE,FALSE
"ZFP36","Luminal_Epithelial","HER2_Positive","Normal","HER2_Positive vs Normal",3.42076361653317,9.64918398354914,22.9521864013748,0.000567863497119447,0.0328521049934423,"HER2_Positive_higher",FALSE,FALSE,FALSE
"GPX3","Luminal_Epithelial","HER2_Positive","Normal","HER2_Positive vs Normal",-3.41894646712476,2.91528904483661,17.2086669823086,0.00127490184934266,0.0444039814780385,"Normal_higher",FALSE,FALSE,FALSE
"CHMP4A","Luminal_Epithelial","HER2_Positive","Normal","HER2_Positive vs Normal",-3.39776039472645,6.16491118360076,24.4997653052765,0.000440871889394013,0.030773892315494,"Normal_higher",FALSE,FALSE,FALSE
"GLIS3","Luminal_Epithelial","HER2_Positive","Normal","HER2_Positive vs Normal",-3.39334971844678,2.44694109664307,34.5671431299253,6.01847065585506e-05,0.0157214490472246,"Normal_higher",FALSE,FALSE,FALSE
"DAPP1","Luminal_Epithelial","HER2_Positive","Normal","HER2_Positive vs Normal",-3.37636137750494,4.86492275570611,23.0707914811314,0.000536240185053365,0.0322717953905055,"Normal_higher",FALSE,FALSE,FALSE
"GSTO1","Luminal_Epithelial","HER2_Positive","Normal","HER2_Positive vs Normal",-3.37514430001486,7.26171244034619,16.9367354147819,0.00173204089719739,0.049178665561511,"Normal_higher",FALSE,FALSE,FALSE
"BSCL2","Luminal_Epithelial","HER2_Positive","Normal","HER2_Positive vs Normal",3.37232278302796,3.17319212170215,35.9205914402519,9.26137264425045e-05,0.0176621449093916,"HER2_Positive_higher",FALSE,FALSE,FALSE
"DPH1","Luminal_Epithelial","HER2_Positive","Normal","HER2_Positive vs Normal",3.35502040651986,2.25004543447074,18.1652796379986,0.00135019433299661,0.0449441452912552,"HER2_Positive_higher",FALSE,FALSE,FALSE
"SFN","Luminal_Epithelial","HER2_Positive","Normal","HER2_Positive vs Normal",-3.35151246638422,8.47963645221375,19.8961468093422,0.000972272788966378,0.0406968579849252,"Normal_higher",FALSE,FALSE,FALSE
"PROCR","Luminal_Epithelial","HER2_Positive","Normal","HER2_Positive vs Normal",-3.35119706366474,1.16520246016231,21.4234160487912,0.000571668287243626,0.0328521049934423,"Normal_higher",FALSE,FALSE,FALSE
"ANGPTL4","Luminal_Epithelial","HER2_Positive","Normal","HER2_Positive vs Normal",-3.34595444882761,6.75137525967084,22.3581603675024,0.000629351306512263,0.0331106853610584,"Normal_higher",FALSE,FALSE,FALSE
"OGFRL1","Luminal_Epithelial","HER2_Positive","Normal","HER2_Positive vs Normal",-3.30962668164538,5.20725631230067,31.2572064962415,0.000161030453735134,0.0216862966117358,"Normal_higher",FALSE,FALSE,FALSE
"POMK","Luminal_Epithelial","HER2_Positive","Normal","HER2_Positive vs Normal",3.30901863748139,0.193494187634386,16.8697975510105,0.00147315229468772,0.0455993046828753,"HER2_Positive_higher",FALSE,FALSE,FALSE
"MSX2","Luminal_Epithelial","HER2_Positive","Normal","HER2_Positive vs Normal",3.30865675189435,3.69877200961967,22.0214690818436,0.000669050796905825,0.0339219255699882,"HER2_Positive_higher",FALSE,FALSE,FALSE
"PLAUR","Luminal_Epithelial","HER2_Positive","Normal","HER2_Positive vs Normal",-3.30712134383615,7.05846556961901,20.3744405841737,0.000892185041270757,0.0391489707528652,"Normal_higher",FALSE,FALSE,FALSE
"EGR1","Luminal_Epithelial","HER2_Positive","Normal","HER2_Positive vs Normal",3.29092509156559,6.76644039744063,29.0866264806441,0.000222054251249454,0.0237725457013863,"HER2_Positive_higher",FALSE,FALSE,FALSE
"TP53INP2","Luminal_Epithelial","HER2_Positive","Normal","HER2_Positive vs Normal",3.28407706365945,3.90920706239496,21.2233377621212,0.000768380119477519,0.0367432302683086,"HER2_Positive_higher",FALSE,FALSE,FALSE
"KISS1","Luminal_Epithelial","HER2_Positive","Normal","HER2_Positive vs Normal",-3.28386736152235,1.33924471984501,22.7352154267777,0.00043464222679449,0.0305207641084023,"Normal_higher",FALSE,FALSE,FALSE
"ITGA2","Luminal_Epithelial","HER2_Positive","Normal","HER2_Positive vs Normal",-3.27744227407076,5.47188265368524,24.0324512344276,0.000470544124035078,0.0313609197056284,"Normal_higher",FALSE,FALSE,FALSE
"GLRX","Luminal_Epithelial","HER2_Positive","Normal","HER2_Positive vs Normal",-3.27608955410897,7.05518373204813,22.7805366241681,0.000586172652160738,0.0329222258042064,"Normal_higher",FALSE,FALSE,FALSE
"FAM184B","Luminal_Epithelial","HER2_Positive","Normal","HER2_Positive vs Normal",-3.26124854344354,1.46638371250502,16.4574232592093,0.0015043419754645,0.0459070339755649,"Normal_higher",FALSE,FALSE,FALSE
"FOSB","Luminal_Epithelial","HER2_Positive","Normal","HER2_Positive vs Normal",3.25465741447576,8.06105675167582,22.484713906846,0.000614378728647754,0.0331106853610584,"HER2_Positive_higher",FALSE,FALSE,FALSE
"MAP7D3","Luminal_Epithelial","HER2_Positive","Normal","HER2_Positive vs Normal",-3.24179316272259,2.39600195778452,17.3155756951015,0.00118866468714702,0.0430059542349784,"Normal_higher",FALSE,FALSE,FALSE
"PNPLA7","Luminal_Epithelial","HER2_Positive","Normal","HER2_Positive vs Normal",3.22507940168943,0.153637075401562,20.3044088179876,0.000729554354855581,0.0363691199571326,"HER2_Positive_higher",FALSE,FALSE,FALSE
"FAM46C","Luminal_Epithelial","HER2_Positive","Normal","HER2_Positive vs Normal",3.22491201342647,2.71839100659968,31.259989086678,0.000166096835844568,0.0216862966117358,"HER2_Positive_higher",FALSE,FALSE,FALSE
"CARHSP1","Luminal_Epithelial","HER2_Positive","Normal","HER2_Positive vs Normal",-3.22254819146559,8.46354423444142,26.2445948209656,0.000336566870330841,0.0275244246703883,"Normal_higher",FALSE,FALSE,FALSE
"SPTLC3","Luminal_Epithelial","HER2_Positive","Normal","HER2_Positive vs Normal",3.19103961465462,2.08257657672874,28.0274613331182,0.000256328078542314,0.0251085005868024,"HER2_Positive_higher",FALSE,FALSE,FALSE
"PRDM1","Luminal_Epithelial","HER2_Positive","Normal","HER2_Positive vs Normal",-3.18319295451455,1.85308743420928,22.8892101727402,0.000384847909341458,0.0284759166565796,"Normal_higher",FALSE,FALSE,FALSE
"LRRC45","Luminal_Epithelial","HER2_Positive","Normal","HER2_Positive vs Normal",3.142128193336,3.42451014899773,20.8881674977908,0.000815990122461565,0.0379274425193134,"HER2_Positive_higher",FALSE,FALSE,FALSE
"NMT1","Luminal_Epithelial","HER2_Positive","Normal","HER2_Positive vs Normal",-3.12805391456358,5.50420787104908,30.9828124497102,0.000169741806104776,0.0216862966117358,"Normal_higher",FALSE,FALSE,FALSE
"DNAJB4","Luminal_Epithelial","HER2_Positive","Normal","HER2_Positive vs Normal",3.12298613112093,6.01202505288975,23.5333807885729,0.000516198566377326,0.0320814282559647,"HER2_Positive_higher",FALSE,FALSE,FALSE
"BCKDHA","Luminal_Epithelial","HER2_Positive","Normal","HER2_Positive vs Normal",3.11689526342598,2.74811700259639,22.1563252553747,0.000653300817876391,0.0337263319457848,"HER2_Positive_higher",FALSE,FALSE,FALSE
"SLC25A37","Luminal_Epithelial","HER2_Positive","Normal","HER2_Positive vs Normal",-3.11430664065416,7.06409887688223,18.5480132782042,0.00125625793279313,0.0443262305482862,"Normal_higher",FALSE,FALSE,FALSE
"MTHFD1L","Luminal_Epithelial","HER2_Positive","Normal","HER2_Positive vs Normal",-3.11430246130006,3.75319254748265,39.1335040904845,5.22621662414096e-05,0.0153005002815531,"Normal_higher",FALSE,FALSE,FALSE
"MFI2","Luminal_Epithelial","HER2_Positive","Normal","HER2_Positive vs Normal",-3.10664860039336,3.98038060368655,23.3157988413159,0.00048650400838824,0.0316365550199269,"Normal_higher",FALSE,FALSE,FALSE
"CFAP69","Luminal_Epithelial","HER2_Positive","Normal","HER2_Positive vs Normal",3.10433550777277,1.72725651905662,18.2462127152539,0.00131688543018991,0.044674910658988,"HER2_Positive_higher",FALSE,FALSE,FALSE
"CCDC28B","Luminal_Epithelial","HER2_Positive","Normal","HER2_Positive vs Normal",-3.10243745270476,2.72548736038371,17.9959935516471,0.0010904066631038,0.0420056890324051,"Normal_higher",FALSE,FALSE,FALSE
"S1PR3","Luminal_Epithelial","HER2_Positive","Normal","HER2_Positive vs Normal",3.08241254439575,3.02202911303952,19.2907156750137,0.00109347938680176,0.0420056890324051,"HER2_Positive_higher",FALSE,FALSE,FALSE
"FTH1","Luminal_Epithelial","HER2_Positive","Normal","HER2_Positive vs Normal",-3.0770319319908,15.0165135092166,20.9209430819724,0.000806438258925999,0.0378880938842895,"Normal_higher",FALSE,FALSE,FALSE
"HDAC9","Luminal_Epithelial","HER2_Positive","Normal","HER2_Positive vs Normal",-3.07667797322054,2.6518632076824,18.1959828670767,0.00103785762688164,0.04132761727043,"Normal_higher",FALSE,FALSE,FALSE
"NEK10","Luminal_Epithelial","HER2_Positive","Normal","HER2_Positive vs Normal",3.06967734278878,1.28141963737877,16.8704618289876,0.00169879520761344,0.0486578162426297,"HER2_Positive_higher",FALSE,FALSE,FALSE
"YBX2","Luminal_Epithelial","HER2_Positive","Normal","HER2_Positive vs Normal",3.06279926897389,1.80584824595013,19.0331300336385,0.00112632386266504,0.0422138057897841,"HER2_Positive_higher",FALSE,FALSE,FALSE
"PSORS1C1","Luminal_Epithelial","HER2_Positive","Normal","HER2_Positive vs Normal",-3.05603215148971,3.75944424079543,21.2222614800333,0.000689476886351577,0.0346356062024536,"Normal_higher",FALSE,FALSE,FALSE
"ZC3HAV1L","Luminal_Epithelial","HER2_Positive","Normal","HER2_Positive vs Normal",3.04536879310631,0.994082742854963,27.4290156752852,0.000257601950741255,0.0251085005868024,"HER2_Positive_higher",FALSE,FALSE,FALSE
"MAP2","Luminal_Epithelial","HER2_Positive","Normal","HER2_Positive vs Normal",-3.04489759829146,3.07342697008347,26.4447668368058,0.000250643142653301,0.0248003794408694,"Normal_higher",FALSE,FALSE,FALSE
"ADGRF1","Luminal_Epithelial","HER2_Positive","Normal","HER2_Positive vs Normal",-3.04131692413681,4.2429970395071,18.8911918216174,0.00111731412785885,0.0422138057897841,"Normal_higher",FALSE,FALSE,FALSE
"LDLRAD4","Luminal_Epithelial","HER2_Positive","Normal","HER2_Positive vs Normal",3.00832190269696,3.77640922361345,17.5447810842332,0.00153368266873766,0.0459436452669325,"HER2_Positive_higher",FALSE,FALSE,FALSE
"NPM2","Luminal_Epithelial","HER2_Positive","Normal","HER2_Positive vs Normal",-2.97103080281838,1.65913930308942,23.1534050691428,0.000366120296525912,0.0281288070172055,"Normal_higher",FALSE,FALSE,FALSE
"USP3-AS1","Luminal_Epithelial","HER2_Positive","Normal","HER2_Positive vs Normal",2.95879324800634,0.90504416873345,22.8058481190528,0.000532527428777428,0.0322464671269451,"HER2_Positive_higher",FALSE,FALSE,FALSE
"RP11-2C24.9","Luminal_Epithelial","HER2_Positive","Normal","HER2_Positive vs Normal",-2.95148139480131,1.676381104797,17.118488030661,0.0012339617314369,0.0436768947812935,"Normal_higher",FALSE,FALSE,FALSE
"CREB3L4","Luminal_Epithelial","HER2_Positive","Normal","HER2_Positive vs Normal",2.93253999601801,5.50825400775325,24.810295967986,0.000420333799513828,0.029963614190183,"HER2_Positive_higher",FALSE,FALSE,FALSE
"MSN","Luminal_Epithelial","HER2_Positive","Normal","HER2_Positive vs Normal",-2.92280815598672,5.62642601048557,20.2552403622418,0.000908096319970527,0.0395354867837835,"Normal_higher",FALSE,FALSE,FALSE
"KIAA1324","Luminal_Epithelial","HER2_Positive","Normal","HER2_Positive vs Normal",2.91528204881629,5.19154590358626,40.6084363828581,5.38873756183633e-05,0.0153005002815531,"HER2_Positive_higher",FALSE,FALSE,FALSE
"LEKR1","Luminal_Epithelial","HER2_Positive","Normal","HER2_Positive vs Normal",2.91417500418043,1.53646061043525,28.2619204126387,0.000242066315796744,0.0245087453536532,"HER2_Positive_higher",FALSE,FALSE,FALSE
"SNX24","Luminal_Epithelial","HER2_Positive","Normal","HER2_Positive vs Normal",-2.91338059419089,3.91967496051483,32.5144523491442,0.000125565524970898,0.0201469577923256,"Normal_higher",FALSE,FALSE,FALSE
"TAP2","Luminal_Epithelial","HER2_Positive","Normal","HER2_Positive vs Normal",-2.91078377220982,3.99499433870483,28.611664742756,0.000217644769164635,0.0236888194171608,"Normal_higher",FALSE,FALSE,FALSE
"KRTAP5-AS1","Luminal_Epithelial","HER2_Positive","Normal","HER2_Positive vs Normal",2.89483032146288,1.54794861402284,18.4173363235159,0.00125909436746146,0.0443262305482862,"HER2_Positive_higher",FALSE,FALSE,FALSE
"CHADL","Luminal_Epithelial","HER2_Positive","Normal","HER2_Positive vs Normal",2.89399608275002,0.884221403238555,19.3768956080603,0.000992735476867754,0.0406968579849252,"HER2_Positive_higher",FALSE,FALSE,FALSE
"NPNT","Luminal_Epithelial","HER2_Positive","Normal","HER2_Positive vs Normal",2.89245689060702,2.04764337032994,27.0408806296339,0.000296280835016484,0.0265049588092486,"HER2_Positive_higher",FALSE,FALSE,FALSE
"MB","Luminal_Epithelial","HER2_Positive","Normal","HER2_Positive vs Normal",2.87844269628615,4.9924000623823,18.160142568995,0.00135368797470154,0.0449441452912552,"HER2_Positive_higher",FALSE,FALSE,FALSE
"RAD54B","Luminal_Epithelial","HER2_Positive","Normal","HER2_Positive vs Normal",2.87310183048144,0.844069971964225,22.1643745343426,0.000597394343128162,0.0329222258042064,"HER2_Positive_higher",FALSE,FALSE,FALSE
"NBPF26","Luminal_Epithelial","HER2_Positive","Normal","HER2_Positive vs Normal",2.87288136203437,1.98666416429008,17.5242285458873,0.00152491112725489,0.0459121001138935,"HER2_Positive_higher",FALSE,FALSE,FALSE
"CTSC","Luminal_Epithelial","HER2_Positive","Normal","HER2_Positive vs Normal",-2.86829390157664,6.3012337449634,23.3657164667641,0.000531558489749685,0.0322464671269451,"Normal_higher",FALSE,FALSE,FALSE
"PMAIP1","Luminal_Epithelial","HER2_Positive","Normal","HER2_Positive vs Normal",-2.86735348297116,6.67631166978389,17.9170813008726,0.00142139477437931,0.0453907998732717,"Normal_higher",FALSE,FALSE,FALSE
"MAN2B1","Luminal_Epithelial","HER2_Positive","Normal","HER2_Positive vs Normal",2.85839118746508,3.17184616913655,21.291228899097,0.000759308915335807,0.0367432302683086,"HER2_Positive_higher",FALSE,FALSE,FALSE
"RP11-2B6.2","Luminal_Epithelial","HER2_Positive","Normal","HER2_Positive vs Normal",2.84711478848207,0.421501484202964,19.0424951206624,0.00100272682121831,0.0406968579849252,"HER2_Positive_higher",FALSE,FALSE,FALSE
"EIF4A1","Luminal_Epithelial","HER2_Positive","Normal","HER2_Positive vs Normal",-2.83995424695691,7.72841913327564,19.356953425431,0.00107531964445731,0.0417671400737343,"Normal_higher",FALSE,FALSE,FALSE
"AIFM2","Luminal_Epithelial","HER2_Positive","Normal","HER2_Positive vs Normal",-2.8337784825085,4.92311041573211,20.7650296339604,0.000818946449496013,0.0379274425193134,"Normal_higher",FALSE,FALSE,FALSE
"ERO1A","Luminal_Epithelial","HER2_Positive","Normal","HER2_Positive vs Normal",-2.82937412956779,6.84868130701794,18.1707021949878,0.00135187627180821,0.0449441452912552,"Normal_higher",FALSE,FALSE,FALSE
"LINC00863","Luminal_Epithelial","HER2_Positive","Normal","HER2_Positive vs Normal",2.82326276455205,2.57576167915995,22.2933017583632,0.000636632911731409,0.0332602498404957,"HER2_Positive_higher",FALSE,FALSE,FALSE
"KCNN4","Luminal_Epithelial","HER2_Positive","Normal","HER2_Positive vs Normal",-2.82109649125665,5.16396653737097,28.8088317193633,0.000228762269170343,0.0237948503456174,"Normal_higher",FALSE,FALSE,FALSE
"CTD-3131K8.2","Luminal_Epithelial","HER2_Positive","Normal","HER2_Positive vs Normal",-2.81681560182255,2.28169087453769,22.2893670592411,0.000447671659133593,0.030773892315494,"Normal_higher",FALSE,FALSE,FALSE
"GATM","Luminal_Epithelial","HER2_Positive","Normal","HER2_Positive vs Normal",2.81179340545485,4.15848492452925,19.5254466296068,0.00104428283555888,0.0413314488340442,"HER2_Positive_higher",FALSE,FALSE,FALSE
"PTPN13","Luminal_Epithelial","HER2_Positive","Normal","HER2_Positive vs Normal",2.80707253260414,2.91974341998912,26.2221582436155,0.000339346742484545,0.0275244246703883,"HER2_Positive_higher",FALSE,FALSE,FALSE
"ATP6V1B2","Luminal_Epithelial","HER2_Positive","Normal","HER2_Positive vs Normal",-2.80231557214634,5.68778488844556,18.294887036174,0.00131662550877651,0.044674910658988,"Normal_higher",FALSE,FALSE,FALSE
"DNAJA4","Luminal_Epithelial","HER2_Positive","Normal","HER2_Positive vs Normal",2.79553431420151,5.13605295612541,30.8594069481313,0.00017434049033246,0.0216862966117358,"HER2_Positive_higher",FALSE,FALSE,FALSE
"GADD45A","Luminal_Epithelial","HER2_Positive","Normal","HER2_Positive vs Normal",-2.79287908348795,6.56542987064393,26.4604690629447,0.000326465259931316,0.0275244246703883,"Normal_higher",FALSE,FALSE,FALSE
"VKORC1","Luminal_Epithelial","HER2_Positive","Normal","HER2_Positive vs Normal",-2.79242811067629,6.43708965885284,22.5539256536866,0.000608950979136833,0.0331106853610584,"Normal_higher",FALSE,FALSE,FALSE
"HIST1H2AG","Luminal_Epithelial","HER2_Positive","Normal","HER2_Positive vs Normal",2.78125034465607,1.12470376428677,22.3371148735684,0.000593630631927264,0.0329222258042064,"HER2_Positive_higher",FALSE,FALSE,FALSE
"LRRC75B","Luminal_Epithelial","HER2_Positive","Normal","HER2_Positive vs Normal",2.78033942991022,2.70968990533562,22.3955250682555,0.0006260724107737,0.0331106853610584,"HER2_Positive_higher",FALSE,FALSE,FALSE
"ERMP1","Luminal_Epithelial","HER2_Positive","Normal","HER2_Positive vs Normal",2.75850957884226,3.83278271300144,26.4795451414401,0.000326247436094937,0.0275244246703883,"HER2_Positive_higher",FALSE,FALSE,FALSE
"HIST1H3H","Luminal_Epithelial","HER2_Positive","Normal","HER2_Positive vs Normal",2.74638456655567,2.7644211401756,21.2099174621059,0.000768887942122824,0.0367432302683086,"HER2_Positive_higher",FALSE,FALSE,FALSE
"MVB12B","Luminal_Epithelial","HER2_Positive","Normal","HER2_Positive vs Normal",2.74387173142471,0.536894491909033,18.2054304763721,0.0012013929252656,0.0431550528331124,"HER2_Positive_higher",FALSE,FALSE,FALSE
"SLC7A8","Luminal_Epithelial","HER2_Positive","Normal","HER2_Positive vs Normal",2.74001041149519,2.18054085663757,17.7317600209955,0.00146848563558476,0.0455993046828753,"HER2_Positive_higher",FALSE,FALSE,FALSE
"FSTL1","Luminal_Epithelial","HER2_Positive","Normal","HER2_Positive vs Normal",-2.73723722942545,3.90721964969281,17.4994313491512,0.00146507916158745,0.0455993046828753,"Normal_higher",FALSE,FALSE,FALSE
"H1FX","Luminal_Epithelial","HER2_Positive","Normal","HER2_Positive vs Normal",-2.72596553343045,6.55173775423114,27.6322455970265,0.000274374239031023,0.0259681299709,"Normal_higher",FALSE,FALSE,FALSE
"FRRS1","Luminal_Epithelial","HER2_Positive","Normal","HER2_Positive vs Normal",2.71719080964092,0.357813281042266,22.1837185628289,0.000545916869574274,0.0324100919704981,"HER2_Positive_higher",FALSE,FALSE,FALSE
"LRP3","Luminal_Epithelial","HER2_Positive","Normal","HER2_Positive vs Normal",2.71538714925723,3.08241372298158,21.4873449999505,0.000733259842383621,0.0364148547580702,"HER2_Positive_higher",FALSE,FALSE,FALSE
"TTC9","Luminal_Epithelial","HER2_Positive","Normal","HER2_Positive vs Normal",-2.70433154307451,5.14324568002043,18.3837339350089,0.00128772825320911,0.0445023499032362,"Normal_higher",FALSE,FALSE,FALSE
"FGFR4","Luminal_Epithelial","HER2_Positive","Normal","HER2_Positive vs Normal",2.69163460878367,0.685841474854441,21.6829631837734,0.000631235024493036,0.0331106853610584,"HER2_Positive_higher",FALSE,FALSE,FALSE
"HOMER2","Luminal_Epithelial","HER2_Positive","Normal","HER2_Positive vs Normal",-2.68260998948287,4.33663378084369,24.52230385231,0.000424413798727805,0.029963614190183,"Normal_higher",FALSE,FALSE,FALSE
"RNF125","Luminal_Epithelial","HER2_Positive","Normal","HER2_Positive vs Normal",2.67501697731753,1.55985890395369,18.3381366218676,0.00128251147860039,0.0445023499032362,"HER2_Positive_higher",FALSE,FALSE,FALSE
"PHLDA3","Luminal_Epithelial","HER2_Positive","Normal","HER2_Positive vs Normal",-2.65801629540814,5.89965035090182,27.2450039950879,0.000290100398901757,0.02631250909761,"Normal_higher",FALSE,FALSE,FALSE
"CD63","Luminal_Epithelial","HER2_Positive","Normal","HER2_Positive vs Normal",-2.65567766102182,9.98364326823129,34.2612279135658,0.000112149983519245,0.0190232588927903,"Normal_higher",FALSE,FALSE,FALSE
"NDUFAF2","Luminal_Epithelial","HER2_Positive","Normal","HER2_Positive vs Normal",-2.64928103692012,6.0786929485419,26.434211567489,0.000327588699464808,0.0275244246703883,"Normal_higher",FALSE,FALSE,FALSE
"NAAA","Luminal_Epithelial","HER2_Positive","Normal","HER2_Positive vs Normal",2.64273684741576,3.86579122870723,20.016580897551,0.000953833320383234,0.0405798599267929,"HER2_Positive_higher",FALSE,FALSE,FALSE
"TMEM135","Luminal_Epithelial","HER2_Positive","Normal","HER2_Positive vs Normal",2.631694615967,3.53498183667067,36.0381447174184,9.10119489073607e-05,0.0176621449093916,"HER2_Positive_higher",FALSE,FALSE,FALSE
"FADS3","Luminal_Epithelial","HER2_Positive","Normal","HER2_Positive vs Normal",-2.62371735436986,3.90894397793368,42.5527487467756,3.9656816777447e-05,0.0146697251146926,"Normal_higher",FALSE,FALSE,FALSE
"DSCC1","Luminal_Epithelial","HER2_Positive","Normal","HER2_Positive vs Normal",2.62315341446879,2.39898203026129,17.2288459120803,0.00162701120224278,0.04764662177689,"HER2_Positive_higher",FALSE,FALSE,FALSE
"BBC3","Luminal_Epithelial","HER2_Positive","Normal","HER2_Positive vs Normal",-2.61378164946747,5.40616209301223,20.664042422456,0.000843611101979179,0.0383916536688155,"Normal_higher",FALSE,FALSE,FALSE
"ARHGEF10","Luminal_Epithelial","HER2_Positive","Normal","HER2_Positive vs Normal",-2.60858168057219,2.57856245308347,24.3378085532623,0.000344636088581551,0.0275244246703883,"Normal_higher",FALSE,FALSE,FALSE
"CAPN13","Luminal_Epithelial","HER2_Positive","Normal","HER2_Positive vs Normal",2.60121700883241,3.24217311158207,18.6846560351327,0.00122570926372137,0.0436212225979967,"HER2_Positive_higher",FALSE,FALSE,FALSE
"SFXN2","Luminal_Epithelial","HER2_Positive","Normal","HER2_Positive vs Normal",2.59952426648297,1.72699116203581,23.6608222295302,0.00049507083147816,0.0316365550199269,"HER2_Positive_higher",FALSE,FALSE,FALSE
"RNF19A","Luminal_Epithelial","HER2_Positive","Normal","HER2_Positive vs Normal",2.58947105402528,5.89866551131582,23.3346960845776,0.000533285115949786,0.0322464671269451,"HER2_Positive_higher",FALSE,FALSE,FALSE
"ATF3","Luminal_Epithelial","HER2_Positive","Normal","HER2_Positive vs Normal",2.58176169675452,8.4782149214122,21.9772638524331,0.000670075552948239,0.0339219255699882,"HER2_Positive_higher",FALSE,FALSE,FALSE
"RPL26","Luminal_Epithelial","HER2_Positive","Normal","HER2_Positive vs Normal",-2.55095071013233,11.4579795515976,22.3433723537765,0.000629321405574145,0.0331106853610584,"Normal_higher",FALSE,FALSE,FALSE
"RHBDF2","Luminal_Epithelial","HER2_Positive","Normal","HER2_Positive vs Normal",-2.54899610671172,3.53995519931144,26.7051901033286,0.00028353610261768,0.0262696300387464,"Normal_higher",FALSE,FALSE,FALSE
"RP11-475O6.1","Luminal_Epithelial","HER2_Positive","Normal","HER2_Positive vs Normal",2.54198901453656,0.30205043284108,20.4258826064989,0.000752599127306599,0.0367432302683086,"HER2_Positive_higher",FALSE,FALSE,FALSE
"MPP7","Luminal_Epithelial","HER2_Positive","Normal","HER2_Positive vs Normal",2.53104953963525,3.40092105677168,27.7345097182611,0.000270902188882627,0.0259681299709,"HER2_Positive_higher",FALSE,FALSE,FALSE
"ANXA3","Luminal_Epithelial","HER2_Positive","Normal","HER2_Positive vs Normal",-2.52030797819064,7.60922018832394,16.866826507125,0.00175498123281725,0.0497219303293409,"Normal_higher",FALSE,FALSE,FALSE
"FN3K","Luminal_Epithelial","HER2_Positive","Normal","HER2_Positive vs Normal",2.51086001109131,3.53238214720875,17.1592212842072,0.00165729726541576,0.0479954757951114,"HER2_Positive_higher",FALSE,FALSE,FALSE
"LIMD2","Luminal_Epithelial","HER2_Positive","Normal","HER2_Positive vs Normal",2.50831051149969,3.99124825542017,19.1605441208604,0.00111850805391753,0.0422138057897841,"HER2_Positive_higher",FALSE,FALSE,FALSE
"AP001372.2","Luminal_Epithelial","HER2_Positive","Normal","HER2_Positive vs Normal",2.50509354648561,1.5396259636016,20.4730508574839,0.000852917167735881,0.0386717489759412,"HER2_Positive_higher",FALSE,FALSE,FALSE
"LBX2-AS1","Luminal_Epithelial","HER2_Positive","Normal","HER2_Positive vs Normal",2.4949645110379,1.7997453957816,17.5640289466459,0.00150168990809101,0.0459070339755649,"HER2_Positive_higher",FALSE,FALSE,FALSE
"UCP2","Luminal_Epithelial","HER2_Positive","Normal","HER2_Positive vs Normal",2.49243073959382,6.33881622304658,19.4050000959127,0.00106461671051433,0.0417671400737343,"HER2_Positive_higher",FALSE,FALSE,FALSE
"RP11-319G6.1","Luminal_Epithelial","HER2_Positive","Normal","HER2_Positive vs Normal",2.49186208037969,2.01078563201683,21.3170412394086,0.000745309409543142,0.0367339101812943,"HER2_Positive_higher",FALSE,FALSE,FALSE
"PRLR","Luminal_Epithelial","HER2_Positive","Normal","HER2_Positive vs Normal",2.46504630106874,4.88210097752983,18.0836256792277,0.00137438955059684,0.0449897291236725,"HER2_Positive_higher",FALSE,FALSE,FALSE
"CERS4","Luminal_Epithelial","HER2_Positive","Normal","HER2_Positive vs Normal",2.4256433492277,5.61188275787805,17.790116702353,0.0014555666932067,0.0455819046996882,"HER2_Positive_higher",FALSE,FALSE,FALSE
"AP006222.2","Luminal_Epithelial","HER2_Positive","Normal","HER2_Positive vs Normal",-2.41706414144675,4.54076023125839,19.1808464370362,0.00109674428850236,0.0420075576308778,"Normal_higher",FALSE,FALSE,FALSE
"NFIA","Luminal_Epithelial","HER2_Positive","Normal","HER2_Positive vs Normal",2.41438307433811,5.61266373701843,33.2075960387555,0.000128182541329057,0.0201709900276966,"HER2_Positive_higher",FALSE,FALSE,FALSE
"MYLIP","Luminal_Epithelial","HER2_Positive","Normal","HER2_Positive vs Normal",2.40897592585958,4.72877126552811,17.4631909051181,0.00155533512062332,0.0461926105469972,"HER2_Positive_higher",FALSE,FALSE,FALSE
"CKLF","Luminal_Epithelial","HER2_Positive","Normal","HER2_Positive vs Normal",-2.40303011522338,5.43022519668928,18.0033160277964,0.00139486175995967,0.0452453189244772,"Normal_higher",FALSE,FALSE,FALSE
"NOSTRIN","Luminal_Epithelial","HER2_Positive","Normal","HER2_Positive vs Normal",2.39977914335895,2.86394090579548,22.3872895020242,0.000626630758832687,0.0331106853610584,"HER2_Positive_higher",FALSE,FALSE,FALSE
"CD59","Luminal_Epithelial","HER2_Positive","Normal","HER2_Positive vs Normal",-2.3996235530505,9.90610463797782,20.1479538037411,0.000927474587566448,0.039847847329623,"Normal_higher",FALSE,FALSE,FALSE
"LAMC1","Luminal_Epithelial","HER2_Positive","Normal","HER2_Positive vs Normal",-2.38086776998651,3.25560849385105,18.3516077505181,0.00119893768821774,0.0431550528331124,"Normal_higher",FALSE,FALSE,FALSE
"EIF3J","Luminal_Epithelial","HER2_Positive","Normal","HER2_Positive vs Normal",-2.37931126675661,7.09912108337928,19.090059416396,0.00113121751982424,0.0422138057897841,"Normal_higher",FALSE,FALSE,FALSE
"C8orf58","Luminal_Epithelial","HER2_Positive","Normal","HER2_Positive vs Normal",-2.37923861359286,1.95519513219985,22.7259619570584,0.000417211325799024,0.029963614190183,"Normal_higher",FALSE,FALSE,FALSE
"HIST1H2BD","Luminal_Epithelial","HER2_Positive","Normal","HER2_Positive vs Normal",-2.37914415049823,5.17522983007169,19.7152471518508,0.001003321971606,0.0406968579849252,"Normal_higher",FALSE,FALSE,FALSE
"SGCB","Luminal_Epithelial","HER2_Positive","Normal","HER2_Positive vs Normal",-2.37234870716136,3.96858242753259,19.141706574042,0.00108191046118467,0.0418071968447722,"Normal_higher",FALSE,FALSE,FALSE
"PLEKHF1","Luminal_Epithelial","HER2_Positive","Normal","HER2_Positive vs Normal",-2.36212026992317,4.26627061519067,17.9464322540493,0.00138437723762342,0.0451923222493036,"Normal_higher",FALSE,FALSE,FALSE
"PDXK","Luminal_Epithelial","HER2_Positive","Normal","HER2_Positive vs Normal",-2.35124758635983,6.35333387339368,35.5723820954628,9.59374349334849e-05,0.0177378664955863,"Normal_higher",FALSE,FALSE,FALSE
"PODXL2","Luminal_Epithelial","HER2_Positive","Normal","HER2_Positive vs Normal",2.34613057110584,4.51242450267054,19.0712086153743,0.001136144615188,0.0422768798261268,"HER2_Positive_higher",FALSE,FALSE,FALSE
"TRIM16","Luminal_Epithelial","HER2_Positive","Normal","HER2_Positive vs Normal",-2.33635392177515,4.94128258259193,19.1490219902082,0.00111328108867347,0.0422138057897841,"Normal_higher",FALSE,FALSE,FALSE
"VAV3","Luminal_Epithelial","HER2_Positive","Normal","HER2_Positive vs Normal",2.33313596126576,5.16622460891948,18.7355622485422,0.00121028171809268,0.0431898620765259,"HER2_Positive_higher",FALSE,FALSE,FALSE
"NFKBIE","Luminal_Epithelial","HER2_Positive","Normal","HER2_Positive vs Normal",-2.32721208268262,4.35387031312152,17.8853439780385,0.00140644663374456,0.0452453189244772,"Normal_higher",FALSE,FALSE,FALSE
"KLF2","Luminal_Epithelial","HER2_Positive","Normal","HER2_Positive vs Normal",2.323898918799,3.85039101730337,18.8677985835356,0.00118262780479373,0.0430059542349784,"HER2_Positive_higher",FALSE,FALSE,FALSE
"ADPRM","Luminal_Epithelial","HER2_Positive","Normal","HER2_Positive vs Normal",-2.31727308104453,2.98908035623631,27.2845231296617,0.000246405911426814,0.0247562123780432,"Normal_higher",FALSE,FALSE,FALSE
"TRIM47","Luminal_Epithelial","HER2_Positive","Normal","HER2_Positive vs Normal",-2.31455232090784,5.54400389073024,28.9214721365352,0.000227715161961606,0.0237948503456174,"Normal_higher",FALSE,FALSE,FALSE
"DHRS4L2","Luminal_Epithelial","HER2_Positive","Normal","HER2_Positive vs Normal",-2.31293278472783,5.03242098081121,18.8326715896462,0.00118402693673935,0.0430059542349784,"Normal_higher",FALSE,FALSE,FALSE
"BIN3","Luminal_Epithelial","HER2_Positive","Normal","HER2_Positive vs Normal",-2.31229594021242,4.04759681266528,16.8638333810317,0.00171302547553517,0.0489580431859187,"Normal_higher",FALSE,FALSE,FALSE
"GBE1","Luminal_Epithelial","HER2_Positive","Normal","HER2_Positive vs Normal",-2.30899837480478,4.46008253700832,24.334200291831,0.000446034579656689,0.030773892315494,"Normal_higher",FALSE,FALSE,FALSE
"AP1S3","Luminal_Epithelial","HER2_Positive","Normal","HER2_Positive vs Normal",-2.29475869000918,3.64731497074416,17.1417649475826,0.00158813923829044,0.0467177625930439,"Normal_higher",FALSE,FALSE,FALSE
"RIC1","Luminal_Epithelial","HER2_Positive","Normal","HER2_Positive vs Normal",2.28828610015195,3.1539326433846,22.7845498750195,0.00058648832406345,0.0329222258042064,"HER2_Positive_higher",FALSE,FALSE,FALSE
"NBPF1","Luminal_Epithelial","HER2_Positive","Normal","HER2_Positive vs Normal",2.28764692518132,2.90220980690782,19.8920813044248,0.000974795018264012,0.0406968579849252,"HER2_Positive_higher",FALSE,FALSE,FALSE
"VPS13B","Luminal_Epithelial","HER2_Positive","Normal","HER2_Positive vs Normal",2.27328231691709,3.09382127266274,27.5695478662569,0.000277208983422197,0.0260476728955202,"HER2_Positive_higher",FALSE,FALSE,FALSE
"ENOX1","Luminal_Epithelial","HER2_Positive","Normal","HER2_Positive vs Normal",2.26539130360345,0.866885560765765,21.9203182611636,0.000621382267448215,0.0331106853610584,"HER2_Positive_higher",FALSE,FALSE,FALSE
"C6orf48","Luminal_Epithelial","HER2_Positive","Normal","HER2_Positive vs Normal",-2.25860748545814,7.08093501411929,18.1904351601406,0.00134548774500828,0.0449441452912552,"Normal_higher",FALSE,FALSE,FALSE
"SREK1IP1","Luminal_Epithelial","HER2_Positive","Normal","HER2_Positive vs Normal",-2.24736792374603,5.80833007166504,22.2161149912686,0.000644810290760524,0.0334201079667587,"Normal_higher",FALSE,FALSE,FALSE
"STEAP1","Luminal_Epithelial","HER2_Positive","Normal","HER2_Positive vs Normal",-2.22975538248263,4.68805083383916,18.4518328910808,0.00126968362144715,0.0443404753468482,"Normal_higher",FALSE,FALSE,FALSE
"CFLAR","Luminal_Epithelial","HER2_Positive","Normal","HER2_Positive vs Normal",-2.22772256158214,5.82249376671297,17.8357384427053,0.00144421092299827,0.0454283676219455,"Normal_higher",FALSE,FALSE,FALSE
"MAP4K2","Luminal_Epithelial","HER2_Positive","Normal","HER2_Positive vs Normal",2.22131720180847,2.54597718148808,18.8987168628683,0.00117104643570914,0.042843242287947,"HER2_Positive_higher",FALSE,FALSE,FALSE
"KCTD9","Luminal_Epithelial","HER2_Positive","Normal","HER2_Positive vs Normal",-2.2133097413483,4.20458351684336,19.2680851263891,0.00107309543988988,0.0417671400737343,"Normal_higher",FALSE,FALSE,FALSE
"NPDC1","Luminal_Epithelial","HER2_Positive","Normal","HER2_Positive vs Normal",2.18565713370638,6.65231743305356,17.4060368943442,0.00157106508066703,0.0463198217123975,"HER2_Positive_higher",FALSE,FALSE,FALSE
"CCDC157","Luminal_Epithelial","HER2_Positive","Normal","HER2_Positive vs Normal",2.18405675925176,2.52598625951431,20.8118705077749,0.000821795133065285,0.0379274425193134,"HER2_Positive_higher",FALSE,FALSE,FALSE
"MED11","Luminal_Epithelial","HER2_Positive","Normal","HER2_Positive vs Normal",-2.1754723108711,4.87532760435309,21.5894161059968,0.000714818553045845,0.0357710541047195,"Normal_higher",FALSE,FALSE,FALSE
"MAGI3","Luminal_Epithelial","HER2_Positive","Normal","HER2_Positive vs Normal",2.16138959883362,3.9713666763719,29.5155121296321,0.000210104429430916,0.0233494514010002,"HER2_Positive_higher",FALSE,FALSE,FALSE
"ATP7A","Luminal_Epithelial","HER2_Positive","Normal","HER2_Positive vs Normal",2.15261754058463,2.52300826727258,20.0804814755925,0.000937970837888481,0.0401666790611851,"HER2_Positive_higher",FALSE,FALSE,FALSE
"CDCP1","Luminal_Epithelial","HER2_Positive","Normal","HER2_Positive vs Normal",-2.13413389203891,5.99986224395366,17.9753647820746,0.00140509684316661,0.0452453189244772,"Normal_higher",FALSE,FALSE,FALSE
"SSX2IP","Luminal_Epithelial","HER2_Positive","Normal","HER2_Positive vs Normal",2.13260699491116,2.91970469494752,17.4394309491629,0.00156321367902709,0.0461926105469972,"HER2_Positive_higher",FALSE,FALSE,FALSE
"FOXA1","Luminal_Epithelial","HER2_Positive","Normal","HER2_Positive vs Normal",2.12876072294729,4.94205896018252,23.9921284357402,0.000479470612561756,0.0315189413230928,"HER2_Positive_higher",FALSE,FALSE,FALSE
"MICA","Luminal_Epithelial","HER2_Positive","Normal","HER2_Positive vs Normal",-2.11615094170842,4.87621588828422,18.8980879413885,0.00116935931498782,0.042843242287947,"Normal_higher",FALSE,FALSE,FALSE
"DNAJC3-AS1","Luminal_Epithelial","HER2_Positive","Normal","HER2_Positive vs Normal",2.11299933576733,3.89193640237154,22.5698436074826,0.000607999273918862,0.0331106853610584,"HER2_Positive_higher",FALSE,FALSE,FALSE
"SERTAD4","Luminal_Epithelial","HER2_Positive","Normal","HER2_Positive vs Normal",2.11173542597129,3.5185973332376,18.1130422950638,0.0013687641738875,0.0449897291236725,"HER2_Positive_higher",FALSE,FALSE,FALSE
"GOLPH3","Luminal_Epithelial","HER2_Positive","Normal","HER2_Positive vs Normal",2.11088721036037,6.0294412261731,18.9107745285315,0.00116934430819715,0.042843242287947,"HER2_Positive_higher",FALSE,FALSE,FALSE
"TRIQK","Luminal_Epithelial","HER2_Positive","Normal","HER2_Positive vs Normal",2.08294199087561,4.28356121386856,18.9687454945324,0.00115907400306346,0.0427645919604856,"HER2_Positive_higher",FALSE,FALSE,FALSE
"BCKDHB","Luminal_Epithelial","HER2_Positive","Normal","HER2_Positive vs Normal",2.07964918083667,3.187176060152,26.597622412364,0.000320064754209454,0.0275244246703883,"HER2_Positive_higher",FALSE,FALSE,FALSE
"FAM3C","Luminal_Epithelial","HER2_Positive","Normal","HER2_Positive vs Normal",-2.07743332997169,7.06267424375141,18.0911729647804,0.00137178850234994,0.0449897291236725,"Normal_higher",FALSE,FALSE,FALSE
"PSMB6","Luminal_Epithelial","HER2_Positive","Normal","HER2_Positive vs Normal",-2.07078143990156,8.18244833564743,20.211453459643,0.000917102532470664,0.0397604957064943,"Normal_higher",FALSE,FALSE,FALSE
"SREBF1","Luminal_Epithelial","HER2_Positive","Normal","HER2_Positive vs Normal",2.0674062040693,5.23465141990085,18.4002185992579,0.00129135522650077,0.0445023499032362,"HER2_Positive_higher",FALSE,FALSE,FALSE
"KIAA1468","Luminal_Epithelial","HER2_Positive","Normal","HER2_Positive vs Normal",2.0069054220201,3.26942261593039,20.5605815062282,0.000863241723604744,0.0388786212137985,"HER2_Positive_higher",FALSE,FALSE,FALSE
"B3GALNT1","Luminal_Epithelial","HER2_Positive","Normal","HER2_Positive vs Normal",2.00181231184,2.80354012134755,19.8512596740446,0.000980507735513338,0.0406968579849252,"HER2_Positive_higher",FALSE,FALSE,FALSE
"USP53","Luminal_Epithelial","HER2_Positive","Normal","HER2_Positive vs Normal",-1.98620653617466,6.1807056981624,20.4014930773773,0.000887624277516318,0.0391489707528652,"Normal_higher",FALSE,FALSE,FALSE
"KIFC3","Luminal_Epithelial","HER2_Positive","Normal","HER2_Positive vs Normal",-1.98193205338116,2.96989719942392,21.5379647653256,0.000659356560712974,0.0337719844685182,"Normal_higher",FALSE,FALSE,FALSE
"ABCC3","Luminal_Epithelial","HER2_Positive","Normal","HER2_Positive vs Normal",-1.97999501629106,4.25704549669613,19.4038385726578,0.00105343210254935,0.0415676032972723,"Normal_higher",FALSE,FALSE,FALSE
"SPAG7","Luminal_Epithelial","HER2_Positive","Normal","HER2_Positive vs Normal",-1.96767776212167,6.11572660324552,24.0817892743486,0.000473019001761641,0.0313609197056284,"Normal_higher",FALSE,FALSE,FALSE
"CD47","Luminal_Epithelial","HER2_Positive","Normal","HER2_Positive vs Normal",-1.93952395261956,7.5072911002051,18.1050867880461,0.00136740424128735,0.0449897291236725,"Normal_higher",FALSE,FALSE,FALSE
"LMBRD2","Luminal_Epithelial","HER2_Positive","Normal","HER2_Positive vs Normal",1.93277635861187,2.81502732039744,18.50809296913,0.0012642541452937,0.0443404753468482,"HER2_Positive_higher",FALSE,FALSE,FALSE
"DOPEY2","Luminal_Epithelial","HER2_Positive","Normal","HER2_Positive vs Normal",1.92659662046999,3.62487292229542,19.804391170796,0.000991167877212319,0.0406968579849252,"HER2_Positive_higher",FALSE,FALSE,FALSE
"MYDGF","Luminal_Epithelial","HER2_Positive","Normal","HER2_Positive vs Normal",-1.91442303761344,8.7072910103229,17.9291901781401,0.00141504026823415,0.0452986297632506,"Normal_higher",FALSE,FALSE,FALSE
"CCDC50","Luminal_Epithelial","HER2_Positive","Normal","HER2_Positive vs Normal",-1.90388142160812,5.53268018803715,19.9078045935432,0.000971454358421919,0.0406968579849252,"Normal_higher",FALSE,FALSE,FALSE
"AR","Luminal_Epithelial","HER2_Positive","Normal","HER2_Positive vs Normal",1.89943699766152,4.68316714014718,24.7660354531201,0.00042377305835509,0.029963614190183,"HER2_Positive_higher",FALSE,FALSE,FALSE
"DENND6B","Luminal_Epithelial","HER2_Positive","Normal","HER2_Positive vs Normal",1.87086852520124,2.1889166443171,18.2231718861059,0.00132475770828665,0.0447040141103129,"HER2_Positive_higher",FALSE,FALSE,FALSE
"FAM214A","Luminal_Epithelial","HER2_Positive","Normal","HER2_Positive vs Normal",1.85922277656376,4.36884536167447,23.2409632526957,0.000542897820331037,0.0323780293668661,"HER2_Positive_higher",FALSE,FALSE,FALSE
"PRELID1","Luminal_Epithelial","HER2_Positive","Normal","HER2_Positive vs Normal",-1.85554995924916,9.11161244995744,17.8752464329764,0.00143006510599177,0.0454283676219455,"Normal_higher",FALSE,FALSE,FALSE
"RANBP10","Luminal_Epithelial","HER2_Positive","Normal","HER2_Positive vs Normal",1.85299070471722,2.68434084830996,18.3463579345967,0.0013028772641717,0.0445468061448864,"HER2_Positive_higher",FALSE,FALSE,FALSE
"MED6","Luminal_Epithelial","HER2_Positive","Normal","HER2_Positive vs Normal",-1.85185725373258,4.84815321625748,20.8505573044536,0.000816336743571129,0.0379274425193134,"Normal_higher",FALSE,FALSE,FALSE
"PSMC3","Luminal_Epithelial","HER2_Positive","Normal","HER2_Positive vs Normal",-1.82898994846985,6.83324392242106,20.342569910889,0.000896220982704746,0.0391489707528652,"Normal_higher",FALSE,FALSE,FALSE
"TMEM241","Luminal_Epithelial","HER2_Positive","Normal","HER2_Positive vs Normal",1.82540704459574,4.33080087855372,17.6662948759678,0.0014942491219819,0.0458131168596374,"HER2_Positive_higher",FALSE,FALSE,FALSE
"PYCR2","Luminal_Epithelial","HER2_Positive","Normal","HER2_Positive vs Normal",-1.82226792017536,4.53684394246594,16.9290163450579,0.0017262198377486,0.0491201684114041,"Normal_higher",FALSE,FALSE,FALSE
"POLR3D","Luminal_Epithelial","HER2_Positive","Normal","HER2_Positive vs Normal",-1.81903666252707,4.38680021728397,17.0547574139104,0.0016784867399847,0.048287919187093,"Normal_higher",FALSE,FALSE,FALSE
"SLC25A16","Luminal_Epithelial","HER2_Positive","Normal","HER2_Positive vs Normal",1.81113795351663,3.38071087469962,18.1855128285852,0.00134885383067555,0.0449441452912552,"HER2_Positive_higher",FALSE,FALSE,FALSE
"SARS","Luminal_Epithelial","HER2_Positive","Normal","HER2_Positive vs Normal",-1.80947735603255,6.77926091603789,19.5243494937605,0.00104219360072109,0.0413314488340442,"Normal_higher",FALSE,FALSE,FALSE
"MON2","Luminal_Epithelial","HER2_Positive","Normal","HER2_Positive vs Normal",1.79501054813827,3.98822422104147,17.5915509735635,0.00151737980290173,0.0459121001138935,"HER2_Positive_higher",FALSE,FALSE,FALSE
"KAT6B","Luminal_Epithelial","HER2_Positive","Normal","HER2_Positive vs Normal",1.77622573133582,4.21374503608084,29.69766221325,0.000204658080114481,0.0232438189945673,"HER2_Positive_higher",FALSE,FALSE,FALSE
"ZCCHC9","Luminal_Epithelial","HER2_Positive","Normal","HER2_Positive vs Normal",-1.7701252958327,4.29400508570669,22.0308872723693,0.000659235346211539,0.0337719844685182,"Normal_higher",FALSE,FALSE,FALSE
"KDM6A","Luminal_Epithelial","HER2_Positive","Normal","HER2_Positive vs Normal",1.76838307345886,3.92162542835677,17.1430655844149,0.00166129165812775,0.0480047131566517,"HER2_Positive_higher",FALSE,FALSE,FALSE
"MRPL2","Luminal_Epithelial","HER2_Positive","Normal","HER2_Positive vs Normal",-1.76668397821072,5.81649802945858,17.179792780755,0.00164809374506302,0.0479954757951114,"Normal_higher",FALSE,FALSE,FALSE
"MAD2L1BP","Luminal_Epithelial","HER2_Positive","Normal","HER2_Positive vs Normal",-1.74180499532323,4.66795423064153,17.4453309119199,0.00155676058263904,0.0461926105469972,"Normal_higher",FALSE,FALSE,FALSE
"PIGQ","Luminal_Epithelial","HER2_Positive","Normal","HER2_Positive vs Normal",1.7286916185394,4.04734664598254,25.7925379390956,0.000361595107425304,0.0280284698676022,"HER2_Positive_higher",FALSE,FALSE,FALSE
"EMC7","Luminal_Epithelial","HER2_Positive","Normal","HER2_Positive vs Normal",-1.71451949739599,6.49564455643969,19.7398406438614,0.00100141251990298,0.0406968579849252,"Normal_higher",FALSE,FALSE,FALSE
"CISD2","Luminal_Epithelial","HER2_Positive","Normal","HER2_Positive vs Normal",-1.68409694902798,6.43282473258261,19.8160331741597,0.000987414367282413,0.0406968579849252,"Normal_higher",FALSE,FALSE,FALSE
"SERPINB6","Luminal_Epithelial","HER2_Positive","Normal","HER2_Positive vs Normal",-1.67149489583282,6.1283357402036,17.9717367253432,0.00140563062163442,0.0452453189244772,"Normal_higher",FALSE,FALSE,FALSE
"LEPROT","Luminal_Epithelial","HER2_Positive","Normal","HER2_Positive vs Normal",-1.67076525054488,6.94359357333428,19.6334453705282,0.00102092038351914,0.0411550652134058,"Normal_higher",FALSE,FALSE,FALSE
"CLIC1","Luminal_Epithelial","HER2_Positive","Normal","HER2_Positive vs Normal",-1.66998056960071,9.2592156280499,17.4442483140175,0.00155880036240983,0.0461926105469972,"Normal_higher",FALSE,FALSE,FALSE
"TCTA","Luminal_Epithelial","HER2_Positive","Normal","HER2_Positive vs Normal",1.65778789037572,4.45319974023507,18.2620669043975,0.00132801144436118,0.0447040141103129,"HER2_Positive_higher",FALSE,FALSE,FALSE
"ATP6V1E1","Luminal_Epithelial","HER2_Positive","Normal","HER2_Positive vs Normal",-1.64683684049283,6.50600820732399,20.5254265466223,0.000867188673101804,0.0389221692762291,"Normal_higher",FALSE,FALSE,FALSE
"HMHA1","Luminal_Epithelial","HER2_Positive","Normal","HER2_Positive vs Normal",1.64280714143716,3.37282907025489,17.7868597606695,0.00145878846676898,0.0455819046996882,"HER2_Positive_higher",FALSE,FALSE,FALSE
"EDEM3","Luminal_Epithelial","HER2_Positive","Normal","HER2_Positive vs Normal",1.62920527027231,3.78233301397418,17.7386194831109,0.00147331035726004,0.0455993046828753,"HER2_Positive_higher",FALSE,FALSE,FALSE
"SNRPA1","Luminal_Epithelial","HER2_Positive","Normal","HER2_Positive vs Normal",-1.58949230545588,6.62871847553952,18.6459859966378,0.00123132732168553,0.0436768947812935,"Normal_higher",FALSE,FALSE,FALSE
"ANP32E","Luminal_Epithelial","HER2_Positive","Normal","HER2_Positive vs Normal",-1.56861001689955,4.56312528854193,17.3082890851326,0.0016006409201521,0.046979710242936,"Normal_higher",FALSE,FALSE,FALSE
"EXOSC8","Luminal_Epithelial","HER2_Positive","Normal","HER2_Positive vs Normal",-1.42311753869164,5.55554740637247,17.0365366942191,0.00169698392630825,0.0486578162426297,"Normal_higher",FALSE,FALSE,FALSE
