"gene","celltype","group1","group2","comparison","logFC","logCPM","F","PValue","FDR","direction"
"C15orf62","Luminal_Epithelial","TNBC","Normal","TNBC vs Normal",-5.49646960281425,2.58080122107169,49.0397649156739,8.31114237488157e-07,0.0038697070511023,"Normal_higher"
"IL24","Luminal_Epithelial","TNBC","Normal","TNBC vs Normal",-5.89972069644492,2.07342874059531,47.2869946622552,1.01107762864527e-06,0.0038697070511023,"Normal_higher"
"RNASE7","Luminal_Epithelial","TNBC","Normal","TNBC vs Normal",-6.0924050127467,1.95994094967101,46.7427028740794,1.18909974936722e-06,0.0038697070511023,"Normal_higher"
"LINC01564","Luminal_Epithelial","TNBC","Normal","TNBC vs Normal",-6.453759718106,1.51017419538171,50.5920515039528,1.46885118824692e-06,0.0038697070511023,"Normal_higher"
"NR4A1","Luminal_Epithelial","TNBC","Normal","TNBC vs Normal",5.23703168302091,6.79355063642572,59.0266162003431,1.75258837201054e-06,0.0038697070511023,"TNBC_higher"
"BEST1","Luminal_Epithelial","TNBC","Normal","TNBC vs Normal",-4.06800512665313,5.4140705020425,56.8758401876079,1.85109162932423e-06,0.0038697070511023,"Normal_higher"
"RBPMS-AS1","Luminal_Epithelial","TNBC","Normal","TNBC vs Normal",-4.39819556943544,3.26629272638764,42.0573521127868,3.85644498623957e-06,0.0061552541192399,"Normal_higher"
"TLR2","Luminal_Epithelial","TNBC","Normal","TNBC vs Normal",-5.20597869531376,3.83870956536073,41.3167007876028,4.02159475796362e-06,0.0061552541192399,"Normal_higher"
"TCN1","Luminal_Epithelial","TNBC","Normal","TNBC vs Normal",-6.27139648224333,5.11629600104523,41.6379603171825,4.4165898966084e-06,0.0061552541192399,"Normal_higher"
"LUCAT1","Luminal_Epithelial","TNBC","Normal","TNBC vs Normal",-5.18548702308614,3.48724336135956,39.0032408040945,5.1820218283011e-06,0.00649980997923807,"Normal_higher"
"ALDH1A3","Luminal_Epithelial","TNBC","Normal","TNBC vs Normal",-5.00220150385955,6.26891757076474,44.6742055165309,7.59301466498741e-06,0.008658107540267,"Normal_higher"
"OLFM4","Luminal_Epithelial","TNBC","Normal","TNBC vs Normal",-7.76562350661412,6.06789466042603,36.059763372884,8.9424767004334e-06,0.00902665412447915,"Normal_higher"
"EGR4","Luminal_Epithelial","TNBC","Normal","TNBC vs Normal",5.74474474168071,1.48320967602882,37.3483380594375,9.35553724134807e-06,0.00902665412447915,"TNBC_higher"
"KRT23","Luminal_Epithelial","TNBC","Normal","TNBC vs Normal",-5.94753468403032,7.40318881132576,42.0494282797424,1.10391948514269e-05,0.00914427557835739,"Normal_higher"
"IL2RG","Luminal_Epithelial","TNBC","Normal","TNBC vs Normal",8.82860959386196,3.45634254197951,35.4954323242628,1.15687685802164e-05,0.00914427557835739,"TNBC_higher"
"LUM","Luminal_Epithelial","TNBC","Normal","TNBC vs Normal",6.37607615675194,1.30656350929579,34.2329824749863,1.19320672755554e-05,0.00914427557835739,"TNBC_higher"
"LAPTM5","Luminal_Epithelial","TNBC","Normal","TNBC vs Normal",9.26307090057538,4.08878119128268,35.1189176929091,1.23935808683788e-05,0.00914427557835739,"TNBC_higher"
"OSMR","Luminal_Epithelial","TNBC","Normal","TNBC vs Normal",-3.08760203269824,5.16732836162201,40.5095045609428,1.40533377121059e-05,0.00933673640817291,"Normal_higher"
"VNN1","Luminal_Epithelial","TNBC","Normal","TNBC vs Normal",-6.0067825762666,4.60911493843233,33.9665331080717,1.41431867779068e-05,0.00933673640817291,"Normal_higher"
"AIF1","Luminal_Epithelial","TNBC","Normal","TNBC vs Normal",7.81485967734235,1.75579045765795,34.45892005458,1.55422787594108e-05,0.00974734012396448,"TNBC_higher"
"IGFBP3","Luminal_Epithelial","TNBC","Normal","TNBC vs Normal",-5.44082094720779,6.34169510751216,37.2403481902955,1.97842454077791e-05,0.0118168471499892,"Normal_higher"
"SERPINB7","Luminal_Epithelial","TNBC","Normal","TNBC vs Normal",-6.89170050463499,5.23661843975341,30.8085362988746,2.3853620168042e-05,0.0135998162621705,"Normal_higher"
"KCCAT211","Luminal_Epithelial","TNBC","Normal","TNBC vs Normal",-4.62232838386614,3.61504307574456,31.1701724100636,2.64832810797065e-05,0.0144425997644678,"Normal_higher"
"GNLY","Luminal_Epithelial","TNBC","Normal","TNBC vs Normal",8.97383972318461,3.33572062183446,30.6354536305994,2.9102256705592e-05,0.0148434569116575,"TNBC_higher"
"PRR34-AS1","Luminal_Epithelial","TNBC","Normal","TNBC vs Normal",-3.10800318789083,4.63333025654626,34.9393277167463,2.95851409384866e-05,0.0148434569116575,"Normal_higher"
"CCK","Luminal_Epithelial","TNBC","Normal","TNBC vs Normal",-5.45502242225156,3.28135664849244,28.6299728452524,3.2889910151491e-05,0.0150933784607568,"Normal_higher"
"NR4A3","Luminal_Epithelial","TNBC","Normal","TNBC vs Normal",6.96133117307641,3.67577175345488,33.0146946809183,3.40239513301273e-05,0.0150933784607568,"TNBC_higher"
"CYTIP","Luminal_Epithelial","TNBC","Normal","TNBC vs Normal",7.79002460952288,3.19361006329929,30.3072536624277,3.46315432581417e-05,0.0150933784607568,"TNBC_higher"
"ANXA3","Luminal_Epithelial","TNBC","Normal","TNBC vs Normal",-3.07987264651015,7.08615528493082,34.4231857558095,3.55007941688622e-05,0.0150933784607568,"Normal_higher"
"RBP7","Luminal_Epithelial","TNBC","Normal","TNBC vs Normal",-3.57691983608014,3.78274117421363,31.942026470976,3.62257941249916e-05,0.0150933784607568,"Normal_higher"
"MAP2K6","Luminal_Epithelial","TNBC","Normal","TNBC vs Normal",4.92086133774173,2.14330001337122,32.3423442932843,3.80606478729592e-05,0.0150933784607568,"TNBC_higher"
"EGR2","Luminal_Epithelial","TNBC","Normal","TNBC vs Normal",5.41186334103553,3.59586121508273,33.4646921521552,3.87784393370603e-05,0.0150933784607568,"TNBC_higher"
"CCL4L2","Luminal_Epithelial","TNBC","Normal","TNBC vs Normal",7.66033273909087,1.92008684839954,28.8794267342155,3.98300269922565e-05,0.0150933784607568,"TNBC_higher"
"NR2F1","Luminal_Epithelial","TNBC","Normal","TNBC vs Normal",5.97857570578097,0.231471350156625,27.1706701921355,4.09132478406866e-05,0.0150933784607568,"TNBC_higher"
"CXCL12","Luminal_Epithelial","TNBC","Normal","TNBC vs Normal",7.40882055677813,1.48898278489822,28.1490383121393,4.62585753080944e-05,0.0155724539059591,"TNBC_higher"
"PLXNA4","Luminal_Epithelial","TNBC","Normal","TNBC vs Normal",6.34758550788737,0.0581988580134392,26.8653474186778,4.75464010636697e-05,0.0155724539059591,"TNBC_higher"
"HCLS1","Luminal_Epithelial","TNBC","Normal","TNBC vs Normal",7.48593299250343,3.4475101658037,29.6129637957023,4.77828282134767e-05,0.0155724539059591,"TNBC_higher"
"RARA-AS1","Luminal_Epithelial","TNBC","Normal","TNBC vs Normal",-2.11648145263817,2.60313971202954,30.1684469603889,4.83124453623725e-05,0.0155724539059591,"Normal_higher"
"KATNAL2","Luminal_Epithelial","TNBC","Normal","TNBC vs Normal",4.33620666265453,1.65450316078826,30.6141693134512,4.84194931302243e-05,0.0155724539059591,"TNBC_higher"
"FCER1G","Luminal_Epithelial","TNBC","Normal","TNBC vs Normal",6.26610047946535,2.69260342046571,29.6221685314158,5.42960334990537e-05,0.0170258787044658,"TNBC_higher"
"C21orf33","Luminal_Epithelial","TNBC","Normal","TNBC vs Normal",3.97698760170535,2.28258661667542,30.6670873161476,5.68830822552951e-05,0.0170883841698044,"TNBC_higher"
"WFDC3","Luminal_Epithelial","TNBC","Normal","TNBC vs Normal",-3.3079429126183,3.27336490428358,28.8444743801025,5.72568935512967e-05,0.0170883841698044,"Normal_higher"
"ITGA4","Luminal_Epithelial","TNBC","Normal","TNBC vs Normal",7.8875460159124,2.08977337092277,27.0837266454441,5.85825176832967e-05,0.0170883841698044,"TNBC_higher"
"FBXO32","Luminal_Epithelial","TNBC","Normal","TNBC vs Normal",-2.96204211616968,6.80110123274853,31.0168866570089,6.06816769011841e-05,0.0172984153038989,"Normal_higher"
"DSC3","Luminal_Epithelial","TNBC","Normal","TNBC vs Normal",-3.96838237212979,1.97191553634598,25.5424199386097,6.41488310789686e-05,0.0178804175160779,"Normal_higher"
"LAMC2","Luminal_Epithelial","TNBC","Normal","TNBC vs Normal",-3.58968652513797,4.11905669799665,28.8635864428601,6.82880524254621e-05,0.0180397238876861,"Normal_higher"
"USP53","Luminal_Epithelial","TNBC","Normal","TNBC vs Normal",-3.03461058343269,5.58398363226678,30.1282349764783,6.87870882463852e-05,0.0180397238876861,"Normal_higher"
"LCP2","Luminal_Epithelial","TNBC","Normal","TNBC vs Normal",6.37384110477192,2.08139266165221,26.9985623706348,7.04323064394814e-05,0.0180397238876861,"TNBC_higher"
"SLC20A2","Luminal_Epithelial","TNBC","Normal","TNBC vs Normal",-2.08678277744712,4.4576888796027,29.8148264777989,7.11271441555082e-05,0.0180397238876861,"Normal_higher"
"CPVL","Luminal_Epithelial","TNBC","Normal","TNBC vs Normal",5.76857532163678,0.68081799492568,24.8365501388813,7.19115199222121e-05,0.0180397238876861,"TNBC_higher"
"RCAN1","Luminal_Epithelial","TNBC","Normal","TNBC vs Normal",-3.06944921548874,6.53433896778569,29.7139342825754,7.51672755340031e-05,0.0182621866815539,"Normal_higher"
"FKBP1B","Luminal_Epithelial","TNBC","Normal","TNBC vs Normal",-4.42524808594776,2.70818623024719,24.9982970077046,7.60280480802093e-05,0.0182621866815539,"Normal_higher"
"IL7R","Luminal_Epithelial","TNBC","Normal","TNBC vs Normal",8.28476583683818,4.36423461148282,27.3780528245169,7.7166219733904e-05,0.0182621866815539,"TNBC_higher"
"JCHAIN","Luminal_Epithelial","TNBC","Normal","TNBC vs Normal",9.37684211769957,3.65499405228322,25.6815706161609,8.32208393333465e-05,0.0190839358179544,"TNBC_higher"
"CXCL9","Luminal_Epithelial","TNBC","Normal","TNBC vs Normal",7.4557465073916,1.65452499376873,25.2348384156085,8.36814533993055e-05,0.0190839358179544,"TNBC_higher"
"TYROBP","Luminal_Epithelial","TNBC","Normal","TNBC vs Normal",6.17622309801203,3.12454109579294,27.6746544390211,8.83727131806032e-05,0.0191016089405291,"TNBC_higher"
"EVI2A","Luminal_Epithelial","TNBC","Normal","TNBC vs Normal",6.31759129261649,0.456294932825741,24.0793532295726,8.84600352831409e-05,0.0191016089405291,"TNBC_higher"
"CLDN12","Luminal_Epithelial","TNBC","Normal","TNBC vs Normal",-2.1239700955116,4.27709336564518,28.4245060201311,8.91908708326324e-05,0.0191016089405291,"Normal_higher"
"COL3A1","Luminal_Epithelial","TNBC","Normal","TNBC vs Normal",7.87734656654898,2.86955424331765,24.905391709274,9.03353117601081e-05,0.0191016089405291,"TNBC_higher"
"NKAPL","Luminal_Epithelial","TNBC","Normal","TNBC vs Normal",-4.3776180181271,1.90110437343888,23.8010263992444,9.21526934007342e-05,0.0191016089405291,"Normal_higher"
"H1FX","Luminal_Epithelial","TNBC","Normal","TNBC vs Normal",-2.49154037737879,6.17934407910406,28.3548152491991,9.49442934186284e-05,0.0191016089405291,"Normal_higher"
"PIGR","Luminal_Epithelial","TNBC","Normal","TNBC vs Normal",-5.30235969375472,4.54892629067144,25.3775414917248,9.51790879963618e-05,0.0191016089405291,"Normal_higher"
"OVCA2","Luminal_Epithelial","TNBC","Normal","TNBC vs Normal",9.18757400677682,3.42676495934812,25.0393721073372,9.59420683451594e-05,0.0191016089405291,"TNBC_higher"
"CXCL1","Luminal_Epithelial","TNBC","Normal","TNBC vs Normal",-5.58538606499484,9.8039074504282,27.8338525793985,0.000104331090832269,0.0199775526828388,"Normal_higher"
"CD247","Luminal_Epithelial","TNBC","Normal","TNBC vs Normal",6.56118942934504,1.47057310376473,23.9231809858404,0.000104575775457451,0.0199775526828388,"TNBC_higher"
"ADGRF1","Luminal_Epithelial","TNBC","Normal","TNBC vs Normal",-4.07385135302074,3.65312171500304,25.2788986737396,0.000105119865826944,0.0199775526828388,"Normal_higher"
"NR4A2","Luminal_Epithelial","TNBC","Normal","TNBC vs Normal",3.75143004158283,6.06030458300257,27.0907187524434,0.000119118921519509,0.0223001288450626,"TNBC_higher"
"ELFN1-AS1","Luminal_Epithelial","TNBC","Normal","TNBC vs Normal",7.81961327669604,1.03834749622887,25.0455410737087,0.00012319585826905,0.0227242007392455,"TNBC_higher"
"NR1D1","Luminal_Epithelial","TNBC","Normal","TNBC vs Normal",-2.84965176900378,3.58783201018754,25.5612865986709,0.000128594258266339,0.0233761997309376,"Normal_higher"
"SLC28A3","Luminal_Epithelial","TNBC","Normal","TNBC vs Normal",-3.93717340901843,2.43292439293345,22.681422120214,0.000133904275581835,0.0239937332660423,"Normal_higher"
"AP006222.2","Luminal_Epithelial","TNBC","Normal","TNBC vs Normal",-2.50929260785312,4.13846385447236,25.8803220253964,0.000136834464232217,0.0241734462656999,"Normal_higher"
"CD3D","Luminal_Epithelial","TNBC","Normal","TNBC vs Normal",9.42268362777617,3.09983735483193,23.9994955641667,0.000142716312627325,0.0246233934812004,"TNBC_higher"
"RP11-489E7.4","Luminal_Epithelial","TNBC","Normal","TNBC vs Normal",-2.76852531163047,1.66407286996181,22.5219351931544,0.000143443860214164,0.0246233934812004,"Normal_higher"
"ATP6V1B2","Luminal_Epithelial","TNBC","Normal","TNBC vs Normal",-2.41215987003979,5.34663100654346,25.9288206537977,0.000145270758001182,0.0246233934812004,"Normal_higher"
"CXCL8","Luminal_Epithelial","TNBC","Normal","TNBC vs Normal",-5.1646939219027,9.47726958414435,25.8443498888844,0.000149494585664256,0.0250014745064902,"Normal_higher"
"IL6R","Luminal_Epithelial","TNBC","Normal","TNBC vs Normal",-2.62442442916936,3.60408559699056,24.6450550262804,0.000159818628214728,0.0263763822854912,"Normal_higher"
"CD8B","Luminal_Epithelial","TNBC","Normal","TNBC vs Normal",6.68961731645609,1.81186311682811,22.1668648803286,0.000162668625332095,0.0264980852927334,"TNBC_higher"
"CDCP1","Luminal_Epithelial","TNBC","Normal","TNBC vs Normal",-2.21517559568417,5.61959474977703,25.055746112098,0.0001723032258639,0.0277076841283449,"Normal_higher"
"SHOX2","Luminal_Epithelial","TNBC","Normal","TNBC vs Normal",6.92318147474508,1.12372622741833,21.4843246242703,0.000183884693924104,0.0291957685555701,"TNBC_higher"
"MRPS18C","Luminal_Epithelial","TNBC","Normal","TNBC vs Normal",-1.84077057462623,6.40262400115576,24.3585788375272,0.000197966271738506,0.0306586200889255,"Normal_higher"
"MX2","Luminal_Epithelial","TNBC","Normal","TNBC vs Normal",4.00329363381926,1.6041719742104,23.3288533643371,0.000200060524136319,0.0306586200889255,"TNBC_higher"
"OSGIN1","Luminal_Epithelial","TNBC","Normal","TNBC vs Normal",-3.2406576156151,3.6242499815473,23.0874308896205,0.000200431064920026,0.0306586200889255,"Normal_higher"
"EXOSC7","Luminal_Epithelial","TNBC","Normal","TNBC vs Normal",-1.48356402407093,5.41515070026858,24.1151063591383,0.000206974476539026,0.0312780826413133,"Normal_higher"
"HMOX1","Luminal_Epithelial","TNBC","Normal","TNBC vs Normal",-5.0171673039821,7.45281422039311,23.7863007184994,0.000218134047186637,0.032572087545976,"Normal_higher"
"GRPEL1","Luminal_Epithelial","TNBC","Normal","TNBC vs Normal",-1.6096469544912,6.20732193320737,23.5929433337183,0.00022981479431887,0.0339125525310774,"Normal_higher"
"SAT1","Luminal_Epithelial","TNBC","Normal","TNBC vs Normal",-3.27005087951953,11.505720046104,23.3437306998581,0.000241155360022282,0.0351722288460405,"Normal_higher"
"VNN3","Luminal_Epithelial","TNBC","Normal","TNBC vs Normal",-4.14944580688038,3.17193689516167,20.7293954156774,0.000244702725455907,0.0352793825907292,"Normal_higher"
"HLTF","Luminal_Epithelial","TNBC","Normal","TNBC vs Normal",1.96038959465078,4.71071698242752,23.0377303323241,0.000256648850109228,0.0357446224113406,"TNBC_higher"
"LIF","Luminal_Epithelial","TNBC","Normal","TNBC vs Normal",-4.35740612780646,3.50929387739979,20.6914957634097,0.000256693819298396,0.0357446224113406,"Normal_higher"
"GIMAP4","Luminal_Epithelial","TNBC","Normal","TNBC vs Normal",8.42019488866986,1.65519668100597,21.9850623190044,0.000258699077451518,0.0357446224113406,"TNBC_higher"
"USP18","Luminal_Epithelial","TNBC","Normal","TNBC vs Normal",2.9215650247544,3.60012231002165,22.9291819880399,0.000259995522314817,0.0357446224113406,"TNBC_higher"
"SPN","Luminal_Epithelial","TNBC","Normal","TNBC vs Normal",5.25771060298714,-0.167059459329838,19.043164059175,0.000262178526815223,0.0357446224113406,"TNBC_higher"
"C5orf42","Luminal_Epithelial","TNBC","Normal","TNBC vs Normal",1.89124674868606,2.44195600636436,22.5332279796937,0.000267370945890109,0.0358333067365144,"TNBC_higher"
"EGR1","Luminal_Epithelial","TNBC","Normal","TNBC vs Normal",3.70109199442785,7.48130536992308,22.8089275765077,0.000268542679839939,0.0358333067365144,"TNBC_higher"
"RHOC","Luminal_Epithelial","TNBC","Normal","TNBC vs Normal",-2.75388422872072,8.04548939373517,22.6968315486364,0.000274827176757782,0.0360081674463138,"Normal_higher"
"ARRDC3","Luminal_Epithelial","TNBC","Normal","TNBC vs Normal",-3.17779837539538,5.48696772656316,22.5519868523219,0.000276557550894022,0.0360081674463138,"Normal_higher"
"CT83","Luminal_Epithelial","TNBC","Normal","TNBC vs Normal",9.03628314957992,3.57694988157762,20.1490857845968,0.000279129893840276,0.0360081674463138,"TNBC_higher"
"PTPRC","Luminal_Epithelial","TNBC","Normal","TNBC vs Normal",8.45817525929066,3.56814802135674,20.1464379461171,0.000281336236126824,0.0360081674463138,"TNBC_higher"
"GPR183","Luminal_Epithelial","TNBC","Normal","TNBC vs Normal",7.10514226432659,2.38636202284785,20.2031212432126,0.000286642402352186,0.0360810841102362,"TNBC_higher"
"CD8A","Luminal_Epithelial","TNBC","Normal","TNBC vs Normal",7.58746222570175,2.85195044994658,20.1436732144001,0.00028976872903144,0.0360810841102362,"TNBC_higher"
"URGCP","Luminal_Epithelial","TNBC","Normal","TNBC vs Normal",-1.61649805591196,3.44793131185127,22.0005597216562,0.000293315619906012,0.0360810841102362,"Normal_higher"
"EXOSC8","Luminal_Epithelial","TNBC","Normal","TNBC vs Normal",-1.33387694253788,5.33842913520671,22.3629973201098,0.000293412308000007,0.0360810841102362,"Normal_higher"
"FTH1","Luminal_Epithelial","TNBC","Normal","TNBC vs Normal",-2.76749114083979,14.6140961100613,22.0178432654784,0.000315308630860103,0.0380315254087566,"Normal_higher"
"NMT1","Luminal_Epithelial","TNBC","Normal","TNBC vs Normal",-2.28301519462721,5.25166996044006,21.970275057563,0.000315337530296635,0.0380315254087566,"Normal_higher"
"PI3","Luminal_Epithelial","TNBC","Normal","TNBC vs Normal",-7.13717344216669,9.70732638923787,21.928942576671,0.000318617781193855,0.0380611698049002,"Normal_higher"
"ATP8A1","Luminal_Epithelial","TNBC","Normal","TNBC vs Normal",3.99138285862523,1.20503600371842,20.7146749941273,0.000322364682641988,0.0381454737205515,"TNBC_higher"
"CARHSP1","Luminal_Epithelial","TNBC","Normal","TNBC vs Normal",-2.8044881641973,8.07430936820374,21.7830761345506,0.000331356954135286,0.0388430866889616,"Normal_higher"
"TUBB3","Luminal_Epithelial","TNBC","Normal","TNBC vs Normal",5.49023310474434,3.86919297035636,21.5595599279723,0.000337430221502378,0.0391887710028178,"TNBC_higher"
"G0S2","Luminal_Epithelial","TNBC","Normal","TNBC vs Normal",-4.3340817591196,5.26458249763153,21.0557925435641,0.00034854695261695,0.0401084809786643,"Normal_higher"
"TRAC","Luminal_Epithelial","TNBC","Normal","TNBC vs Normal",5.03690507031501,1.5451377932233,20.103605331571,0.000356177365353521,0.0405710565292819,"TNBC_higher"
"SSX2IP","Luminal_Epithelial","TNBC","Normal","TNBC vs Normal",2.24825211785922,3.28280693986513,21.3219922461924,0.000359035898489221,0.0405710565292819,"TNBC_higher"
"BRAT1","Luminal_Epithelial","TNBC","Normal","TNBC vs Normal",1.65676634535991,4.06001586349557,21.2181415915825,0.000371301768359628,0.041582482861918,"TNBC_higher"
"NEURL3","Luminal_Epithelial","TNBC","Normal","TNBC vs Normal",-4.65170332312425,4.10138196028847,19.3176806915724,0.000390735495391931,0.0433716399885044,"Normal_higher"
"CCR7","Luminal_Epithelial","TNBC","Normal","TNBC vs Normal",7.69878575294883,1.55433013687532,19.0240229476178,0.00039693976596898,0.0436738200399028,"TNBC_higher"
"TMA16","Luminal_Epithelial","TNBC","Normal","TNBC vs Normal",-1.63385832145965,5.34033042610911,20.7363757624656,0.000411624268788626,0.044895680029702,"Normal_higher"
"SOD2","Luminal_Epithelial","TNBC","Normal","TNBC vs Normal",-4.25969833030525,10.9138615902232,20.5956982036977,0.000425476489972959,0.046006479428714,"Normal_higher"
"EDEM3","Luminal_Epithelial","TNBC","Normal","TNBC vs Normal",1.4824944899364,3.88183369675466,20.4666589535016,0.000434899366281617,0.0466234423185498,"TNBC_higher"
"CTHRC1","Luminal_Epithelial","TNBC","Normal","TNBC vs Normal",5.2474156699669,3.9012603797641,20.3411323493624,0.000441226924384641,0.0469009263775979,"TNBC_higher"
"ARHGAP15","Luminal_Epithelial","TNBC","Normal","TNBC vs Normal",6.45696034777317,1.5501583594902,18.1510270724897,0.000445686072368605,0.0469768101320959,"TNBC_higher"
"PCDH7","Luminal_Epithelial","TNBC","Normal","TNBC vs Normal",7.55354859907984,1.82721226528036,18.1500611724582,0.00045676218528757,0.0477430674171832,"TNBC_higher"
"R3HDM1","Luminal_Epithelial","TNBC","Normal","TNBC vs Normal",1.8330515214025,4.02287615653267,20.1998142715192,0.000461856975825938,0.0478766284940888,"TNBC_higher"
"NSRP1","Luminal_Epithelial","TNBC","Normal","TNBC vs Normal",-1.95625460712053,5.79866088774598,20.1604986667689,0.000466933132001482,0.0480060842188081,"Normal_higher"
"ST8SIA6-AS1","Luminal_Epithelial","TNBC","Normal","TNBC vs Normal",8.49777571606419,4.15374858093437,18.4539983334455,0.000479060841915148,0.0486150361751649,"TNBC_higher"
"TTC9","Luminal_Epithelial","TNBC","Normal","TNBC vs Normal",-3.56390969919435,4.55757581846786,19.4572665650413,0.000495597184681924,0.0486150361751649,"Normal_higher"
"TCEA3","Luminal_Epithelial","TNBC","Normal","TNBC vs Normal",2.8171309216474,5.13487553849384,19.896566546809,0.000495925644752923,0.0486150361751649,"TNBC_higher"
"CD59","Luminal_Epithelial","TNBC","Normal","TNBC vs Normal",-1.86178900881376,9.68426195856435,19.8890344965425,0.00049597445271237,0.0486150361751649,"Normal_higher"
"RIMS2","Luminal_Epithelial","TNBC","Normal","TNBC vs Normal",2.56710239345142,0.490723180576008,18.348407888725,0.000496610368434116,0.0486150361751649,"TNBC_higher"
"RP3-323P24.3","Luminal_Epithelial","TNBC","Normal","TNBC vs Normal",3.99387724801661,0.721915071588036,18.2449026781876,0.00049757810279502,0.0486150361751649,"TNBC_higher"
"ATP6V1E1","Luminal_Epithelial","TNBC","Normal","TNBC vs Normal",-1.40203316226241,6.31555612753096,19.8573173938777,0.000499987217300189,0.0486150361751649,"Normal_higher"
"TUBB2B","Luminal_Epithelial","TNBC","Normal","TNBC vs Normal",-4.03263187147161,2.57774250645362,17.4057983126405,0.000516567272401793,0.0498407945979669,"Normal_higher"
