final_rank,pert_id,pert_iname,robust_rank,tier,positive_cell_lines,negative_cell_lines,median_score,mean_score,min_score,reproducibility_score,identity_confidence,chembl_id,pref_name,mechanisms,action_types,target_ids,mechanism_supported,mechanism_category,biological_evidence_class,final_evidence_score,final_priority
1,BRD-K40738845,BMS-777607,8,Tier 2 — Strong 4/5+,4,1,0.3140217565347384,0.14297681822064165,-0.4145749582706126,0.25121740522779074,HIGH,CHEMBL460702,BMS-777607,Hepatocyte growth factor receptor inhibitor,INHIBITOR,CHEMBL3717,TRUE,OTHER / UNCLASSIFIED,HIGH_PRIORITY_MECHANISM_SUPPORTED,0.8746153846153847,PRIORITY_A
2,BRD-K99616396,motesanib,9,Tier 2 — Strong 4/5+,4,1,0.30382114566083906,0.24127577087700225,-0.1123334384427592,0.24305691652867129,HIGH,CHEMBL572881,MOTESANIB,Stem cell growth factor receptor inhibitor;Tyrosine-protein kinase receptor RET inhibitor;Vascular endothelial growth factor receptor inhibitor;Platelet-derived growth factor receptor inhibitor,INHIBITOR,CHEMBL1936;CHEMBL2041;CHEMBL2095227;CHEMBL2095189,TRUE,KINASE,HIGH_PRIORITY_MECHANISM_SUPPORTED,0.8630769230769232,PRIORITY_A
3,BRD-K04923131,GSK-3-inhibitor-IX,2,Tier 1 — Consistent 5/5,5,0,0.3161703894067659,0.368306266047739,0.19301040450707324,0.3161703894067659,REVIEW,NA,NA,NA,NA,NA,FALSE,OTHER / UNCLASSIFIED,SECONDARY_CANDIDATE,0.846923076923077,PRIORITY_C
4,BRD-K74514084,pazopanib,4,Tier 1 — Consistent 5/5,5,0,0.2655092141884459,0.27092270914548106,0.0897465960935676,0.2655092141884459,HIGH,NA,NA,NA,NA,NA,FALSE,OTHER / UNCLASSIFIED,STRONG_NO_MECHANISM,0.8430769230769231,PRIORITY_B
5,BRD-K07859598,GW-5074,1,Tier 2 — Strong 4/5+,4,1,0.44422790006365903,0.29411843877693006,-0.528392371005824,0.35538232005092724,REVIEW,NA,NA,NA,NA,NA,FALSE,OTHER / UNCLASSIFIED,SECONDARY_CANDIDATE,0.8400000000000001,PRIORITY_C
6,BRD-K25340465,OSI-930,13,Tier 3 — Moderate 3/5+,3,2,0.36406774111081,0.0938719089230671,-0.657616320372842,0.21844064466648597,HIGH,CHEMBL1614710,OSI-930,Stem cell growth factor receptor inhibitor;Vascular endothelial growth factor receptor inhibitor,INHIBITOR,CHEMBL1936;CHEMBL2095227,TRUE,ANGIOGENESIS,HIGH_PRIORITY_MECHANISM_SUPPORTED,0.8384615384615385,PRIORITY_A
7,BRD-K95435023,PHA-665752,6,Tier 1 — Consistent 5/5,5,0,0.26008158848349655,0.2602698099097105,0.09921242373422424,0.26008158848349655,HIGH,NA,NA,NA,NA,NA,FALSE,OTHER / UNCLASSIFIED,STRONG_NO_MECHANISM,0.8276923076923077,PRIORITY_B
8,BRD-K16478699,PLX-4720,7,Tier 2 — Strong 4/5+,5,1,0.2531988268438856,0.1908684817340041,-0.1659533357937114,0.2531988268438856,HIGH,NA,NA,NA,NA,NA,FALSE,OTHER / UNCLASSIFIED,STRONG_NO_MECHANISM,0.8161538461538461,PRIORITY_B
9,BRD-K90382497,GW-843682X,3,Tier 2 — Strong 4/5+,5,1,0.29168138767668006,0.2796214745414621,-0.254338233128161,0.29168138767668006,REVIEW,NA,NA,NA,NA,NA,FALSE,OTHER / UNCLASSIFIED,SECONDARY_CANDIDATE,0.8123076923076924,PRIORITY_C
10,BRD-K49810818,sorafenib,11,Tier 3 — Moderate 3/5+,3,2,0.3936235697879521,0.2462596945760504,-0.21419834672811455,0.23617414187277125,HIGH,NA,NA,NA,NA,NA,FALSE,OTHER / UNCLASSIFIED,STRONG_NO_MECHANISM,0.8038461538461539,PRIORITY_B
11,BRD-K22096725,ALW-II-49-7,5,Tier 2 — Strong 4/5+,4,1,0.3282946220983697,0.24889593765976264,-0.18758994755541075,0.26263569767869577,REVIEW,NA,NA,NA,NA,NA,FALSE,OTHER / UNCLASSIFIED,SECONDARY_CANDIDATE,0.8015384615384616,PRIORITY_C
12,BRD-K33379087,tivantinib,14,Tier 1 — Consistent 5/5,5,0,0.213711431585622,0.25011851178186806,0.14092952643648457,0.213711431585622,HIGH,CHEMBL2103882,TIVANTINIB,Hepatocyte growth factor receptor inhibitor,INHIBITOR,CHEMBL3717,TRUE,OTHER / UNCLASSIFIED,STRONG_MECHANISM_SUPPORTED,0.8007692307692308,PRIORITY_B
13,BRD-K68191783,ALW-II-38-3,10,Tier 2 — Strong 4/5+,4,1,0.29872659510941135,0.14379473253663255,-0.68317635290808,0.2389812760875291,REVIEW,NA,NA,NA,NA,NA,FALSE,OTHER / UNCLASSIFIED,SECONDARY_CANDIDATE,0.7515384615384617,PRIORITY_C
14,BRD-K49327517,THZ-2-98-01,12,Tier 2 — Strong 4/5+,4,1,0.28917564798090645,0.20655642113067005,-0.2236783976466873,0.23134051838472516,REVIEW,NA,NA,NA,NA,NA,FALSE,OTHER / UNCLASSIFIED,SECONDARY_CANDIDATE,0.7284615384615386,PRIORITY_C
15,BRD-K07691486,roscovitine,17,Tier 2 — Strong 4/5+,4,2,0.2412372488010185,0.10937875503623,-0.5170593663393499,0.1929897990408148,REVIEW,CHEMBL14762,SELICICLIB,Cyclin-dependent kinase 2 inhibitor;Cyclin-dependent kinase 7 inhibitor;Cyclin-dependent kinase 9 inhibitor;Cyclin-dependent kinase 1 inhibitor;Cyclin-dependent kinase 5 inhibitor,INHIBITOR,CHEMBL301;CHEMBL3055;CHEMBL3116;CHEMBL308;CHEMBL4036,TRUE,KINASE,SECONDARY_CANDIDATE,0.7207692307692308,PRIORITY_C
16,BRD-K93918653,quizartinib,21,Tier 2 — Strong 4/5+,5,1,0.15511930929665405,0.1982050959541212,-0.08310820816442605,0.15511930929665405,HIGH,CHEMBL576982,QUIZARTINIB,Macrophage colony stimulating factor receptor inhibitor;Tyrosine-protein kinase receptor FLT3 inhibitor;Stem cell growth factor receptor inhibitor;Platelet-derived growth factor receptor inhibitor;Tyrosine-protein kinase receptor RET inhibitor,INHIBITOR,CHEMBL1844;CHEMBL1974;CHEMBL1936;CHEMBL2095189;CHEMBL2041,TRUE,KINASE,STRONG_MECHANISM_SUPPORTED,0.696923076923077,PRIORITY_B
17,BRD-K97764662,PD-173074,18,Tier 2 — Strong 4/5+,5,1,0.17988423509591692,0.16723412379255292,-0.1762906081127784,0.17988423509591692,HIGH,NA,NA,NA,NA,NA,FALSE,OTHER / UNCLASSIFIED,STRONG_NO_MECHANISM,0.6969230769230769,PRIORITY_B
18,BRD-A87137733,GSK-690693,24,Tier 3 — Moderate 3/5+,3,2,0.23315353117419957,0.1121669847317898,-0.4384835452215593,0.13989211870451973,HIGH,CHEMBL494089,GSK-690693,Serine/threonine-protein kinase AKT inhibitor;cAMP-dependent protein kinase (PKA) inhibitor;Protein kinase C (PKC) inhibitor,INHIBITOR,CHEMBL2111353;CHEMBL2094138;CHEMBL2093867,TRUE,KINASE,STRONG_MECHANISM_SUPPORTED,0.6884615384615385,PRIORITY_B
19,BRD-K16189898,CHIR-99021,16,Tier 2 — Strong 4/5+,4,1,0.24668063112429697,0.20200228191406305,-0.08639319764752505,0.1973445048994376,REVIEW,NA,NA,NA,NA,NA,FALSE,OTHER / UNCLASSIFIED,SECONDARY_CANDIDATE,0.6823076923076924,PRIORITY_C
20,BRD-K52721289,XMD-1527,15,Tier 1 — Consistent 5/5,5,0,0.20579944492316693,0.2206632863910568,0.09359300651619716,0.20579944492316693,REVIEW,NA,NA,NA,NA,NA,FALSE,OTHER / UNCLASSIFIED,SECONDARY_CANDIDATE,0.6815384615384616,PRIORITY_C
21,BRD-K71035033,masitinib,26,Tier 1 — Consistent 5/5,5,0,0.13946666630596513,0.17278545467439288,0.11412024659652918,0.13946666630596513,HIGH,CHEMBL1908391,MASITINIB,Fibroblast growth factor receptor 3 inhibitor;Stem cell growth factor receptor inhibitor;Platelet-derived growth factor receptor inhibitor,INHIBITOR,CHEMBL2742;CHEMBL1936;CHEMBL2095189,TRUE,OTHER / UNCLASSIFIED,SECONDARY_CANDIDATE,0.6546153846153846,PRIORITY_C
22,BRD-K78431006,crizotinib,27,Tier 2 — Strong 4/5+,5,1,0.13492042977449473,0.11106378431792004,-0.06090518646771308,0.13492042977449473,HIGH,CHEMBL601719,CRIZOTINIB,Hepatocyte growth factor receptor inhibitor;ALK tyrosine kinase receptor inhibitor;EML4-ALK inhibitor;NPM/ALK (Nucleophosmin/ALK tyrosine kinase receptor) inhibitor;Proto-oncogene tyrosine-protein kinase ROS inhibitor;Macrophage-stimulating protein receptor inhibitor,INHIBITOR,CHEMBL3717;CHEMBL4247;CHEMBL3883330;CHEMBL2111387;CHEMBL5568;CHEMBL2689,TRUE,KINASE,SECONDARY_CANDIDATE,0.6430769230769231,PRIORITY_C
23,BRD-K42728290,NVP-BGJ398,22,Tier 1 — Consistent 5/5,5,0,0.15330785929646512,0.1640520934920849,0.00498461383961999,0.15330785929646512,REVIEW,CHEMBL1852688,INFIGRATINIB,Fibroblast growth factor receptor inhibitor,INHIBITOR,CHEMBL2095217,TRUE,OTHER / UNCLASSIFIED,SECONDARY_CANDIDATE,0.6353846153846154,PRIORITY_C
24,BRD-K86274953,XMD-132,19,Tier 2 — Strong 4/5+,4,1,0.20926536363049497,0.22104587971228631,-0.01463285784377475,0.167412290904396,REVIEW,NA,NA,NA,NA,NA,FALSE,OTHER / UNCLASSIFIED,SECONDARY_CANDIDATE,0.6323076923076923,PRIORITY_C
25,BRD-K07667918,linsitinib,29,Tier 3 — Moderate 3/5+,3,2,0.197197354979618,0.15823400096692825,-0.1252240473035385,0.1183184129877708,HIGH,CHEMBL1091644,LINSITINIB,Insulin-like growth factor I receptor inhibitor;Insulin receptor inhibitor,INHIBITOR,CHEMBL1957;CHEMBL1981,TRUE,OTHER / UNCLASSIFIED,SECONDARY_CANDIDATE,0.6307692307692309,PRIORITY_C
26,BRD-K04801023,SAR-245408,25,Tier 2 — Strong 4/5+,4,1,0.1747746084279201,0.12970655123071032,-0.03971941281802112,0.13981968674233608,REVIEW,CHEMBL3360203,PILARALISIB,PI3-kinase class I inhibitor,INHIBITOR,CHEMBL3559703,TRUE,KINASE,SECONDARY_CANDIDATE,0.6207692307692309,PRIORITY_C
27,BRD-K04833372,GSK-1904529A,20,Tier 2 — Strong 4/5+,5,1,0.1620425818232706,0.15179970431985823,-0.1015484279337557,0.1620425818232706,REVIEW,NA,NA,NA,NA,NA,FALSE,OTHER / UNCLASSIFIED,SECONDARY_CANDIDATE,0.6084615384615385,PRIORITY_C
28,BRD-K29983336,rondual-kinase-inhibitor,23,Tier 3 — Moderate 3/5+,3,2,0.2345101254575288,0.11459263872596416,-0.2796226676413366,0.14070607527451728,REVIEW,NA,NA,NA,NA,NA,FALSE,OTHER / UNCLASSIFIED,SECONDARY_CANDIDATE,0.6000000000000001,PRIORITY_C
29,BRD-K99749624,linifanib,30,Tier 2 — Strong 4/5+,4,1,0.13390454862473586,0.1568300471631121,-0.0782509484906955,0.1071236388997887,HIGH,CHEMBL223360,LINIFANIB,Macrophage colony stimulating factor receptor inhibitor;Tyrosine-protein kinase receptor FLT3 inhibitor;Platelet-derived growth factor receptor inhibitor;Vascular endothelial growth factor receptor inhibitor,INHIBITOR,CHEMBL1844;CHEMBL1974;CHEMBL2095189;CHEMBL2095227,TRUE,KINASE,SECONDARY_CANDIDATE,0.5823076923076923,PRIORITY_C
30,BRD-K55187425,ON-01910,28,Tier 3 — Moderate 3/5+,3,2,0.2020918862282824,0.15596863797568597,-0.08113528733171052,0.12125513173696945,REVIEW,NA,NA,NA,NA,NA,FALSE,OTHER / UNCLASSIFIED,SECONDARY_CANDIDATE,0.5423076923076924,PRIORITY_C
31,BRD-K81528515,nilotinib,31,Tier 2 — Strong 4/5+,4,1,0.13239231519449188,0.07379191306399933,-0.34442146498077236,0.10591385215559351,HIGH,NA,NA,NA,NA,NA,FALSE,OTHER / UNCLASSIFIED,SECONDARY_CANDIDATE,0.5207692307692308,PRIORITY_C
32,BRD-K19477839,SGX523,34,Tier 2 — Strong 4/5+,4,1,0.1276573741017118,0.13429994780697188,-0.00399906952813449,0.10212589928136943,REVIEW,CHEMBL1236107,SGX-523,Hepatocyte growth factor receptor inhibitor,INHIBITOR,CHEMBL3717,TRUE,OTHER / UNCLASSIFIED,SECONDARY_CANDIDATE,0.4938461538461538,PRIORITY_C
33,BRD-K93747373,HG-5-113-01,33,Tier 3 — Moderate 3/5+,3,2,0.17116155940126684,0.02758270199611786,-0.2633025837456575,0.1026969356407601,REVIEW,NA,NA,NA,NA,NA,FALSE,OTHER / UNCLASSIFIED,SECONDARY_CANDIDATE,0.4923076923076923,PRIORITY_C
34,BRD-K01253243,SB-590885,35,Tier 3 — Moderate 3/5+,3,2,0.16589710135076496,0.1848251414200652,-0.1613868122335157,0.09953826081045898,REVIEW,NA,NA,NA,NA,NA,FALSE,OTHER / UNCLASSIFIED,SECONDARY_CANDIDATE,0.47692307692307695,PRIORITY_C
35,BRD-K49075727,nintedanib,37,Tier 2 — Strong 4/5+,4,1,0.12301843169954484,0.02935982938973024,-0.3724239574427016,0.09841474535963587,HIGH,NA,NA,NA,NA,NA,FALSE,OTHER / UNCLASSIFIED,SECONDARY_CANDIDATE,0.4669230769230769,PRIORITY_C
36,BRD-K66847579,WZ-7043,32,Tier 2 — Strong 4/5+,4,1,0.12943157325617413,0.11854551438926748,-0.2046814967603897,0.10354525860493932,REVIEW,NA,NA,NA,NA,NA,FALSE,OTHER / UNCLASSIFIED,SECONDARY_CANDIDATE,0.4592307692307693,PRIORITY_C
37,BRD-K53414658,tivozanib,43,Tier 3 — Moderate 3/5+,3,2,0.12065486529796378,0.0492281777600642,-0.3415970810206368,0.07239291917877827,HIGH,CHEMBL1289494,TIVOZANIB,Vascular endothelial growth factor receptor inhibitor,INHIBITOR,CHEMBL2095227,TRUE,ANGIOGENESIS,SECONDARY_CANDIDATE,0.4461538461538462,PRIORITY_C
38,BRD-K92428232,GSK-461364,42,Tier 2 — Strong 4/5+,4,1,0.09101742249842062,0.08263635370175862,-0.116761891153011,0.0728139379987365,HIGH,CHEMBL1908394,GSK-461364,Serine/threonine-protein kinase PLK1 inhibitor,INHIBITOR,CHEMBL3024,TRUE,KINASE,SECONDARY_CANDIDATE,0.43615384615384617,PRIORITY_C
39,BRD-K49468759,KIN001-266,39,Tier 3 — Moderate 3/5+,3,2,0.15063542151802806,0.08733376785820672,-0.10683428556373842,0.09038125291081683,REVIEW,NA,NA,NA,NA,NA,FALSE,OTHER / UNCLASSIFIED,SECONDARY_CANDIDATE,0.4307692307692308,PRIORITY_C
40,BRD-K68756823,FR-180204,36,Tier 2 — Strong 4/5+,4,2,0.12373427484623808,0.10669197908079532,-0.14505625173494974,0.09898741987699047,REVIEW,NA,NA,NA,NA,NA,FALSE,OTHER / UNCLASSIFIED,SECONDARY_CANDIDATE,0.4284615384615385,PRIORITY_C
41,BRD-K01567962,pyrazolanthrone,38,Tier 2 — Strong 4/5+,4,1,0.1133638234296136,0.08122464170686527,-0.15223641701630858,0.09069105874369088,REVIEW,NA,NA,NA,NA,NA,FALSE,OTHER / UNCLASSIFIED,EXPLORATORY,0.39769230769230773,EXPLORATORY
42,BRD-K67578145,GDC-0879,40,Tier 2 — Strong 4/5+,4,1,0.09837041265814288,0.08208564179771549,-0.5057857178034202,0.07869633012651431,REVIEW,NA,NA,NA,NA,NA,FALSE,OTHER / UNCLASSIFIED,EXPLORATORY,0.37461538461538463,EXPLORATORY
43,BRD-K04853698,LDN-193189,41,Tier 2 — Strong 4/5+,4,2,0.09703843040730586,0.14391035453126583,-0.06078101993556446,0.0776307443258447,REVIEW,NA,NA,NA,NA,NA,FALSE,OTHER / UNCLASSIFIED,EXPLORATORY,0.36307692307692313,EXPLORATORY
44,BRD-K92723993,imatinib,44,Tier 2 — Strong 4/5+,4,2,0.08561592729611817,0.16030501726009616,-0.1603561894153253,0.06849274183689454,HIGH,NA,NA,NA,NA,NA,FALSE,OTHER / UNCLASSIFIED,EXPLORATORY,0.3630769230769231,EXPLORATORY
45,BRD-K02123250,JNJ-38877605,52,Tier 3 — Moderate 3/5+,3,2,0.08672939841674482,0.07927317344628426,-0.2119330014535452,0.05203763905004689,HIGH,CHEMBL2133806,JNJ-38877605,Hepatocyte growth factor receptor inhibitor,INHIBITOR,CHEMBL3717,TRUE,OTHER / UNCLASSIFIED,EXPLORATORY,0.35000000000000003,EXPLORATORY
46,BRD-K59184148,SB-216763,46,Tier 2 — Strong 4/5+,4,1,0.08323343431350619,0.12969941185632491,-0.2708959975955597,0.06658674745080495,HIGH,NA,NA,NA,NA,NA,FALSE,OTHER / UNCLASSIFIED,EXPLORATORY,0.34,EXPLORATORY
47,BRD-K70511574,HMN-214,53,Tier 3 — Moderate 3/5+,3,2,0.0672642331415868,0.01475758824873412,-0.37246086919955,0.04035853988495208,HIGH,CHEMBL3991927,HMN-214,Serine/threonine-protein kinase PLK1 inhibitor,INHIBITOR,CHEMBL3024,TRUE,KINASE,EXPLORATORY,0.31538461538461543,EXPLORATORY
48,BRD-K82091397,SB-239063,47,Tier 3 — Moderate 3/5+,3,2,0.09861347452763648,0.10705311676224635,-0.19444144504398883,0.05916808471658188,REVIEW,NA,NA,NA,NA,NA,FALSE,OTHER / UNCLASSIFIED,EXPLORATORY,0.3153846153846154,EXPLORATORY
49,BRD-K09991945,GSK-3-inhibitor-II,45,Tier 2 — Strong 4/5+,4,1,0.0837003236174271,0.1154558059328921,-0.12125910732312,0.06696025889394168,REVIEW,NA,NA,NA,NA,NA,FALSE,OTHER / UNCLASSIFIED,EXPLORATORY,0.3015384615384616,EXPLORATORY
50,BRD-K53972329,ruxolitinib,51,Tier 2 — Strong 4/5+,4,2,0.06582477574474717,0.04812639418024084,-0.07788599887074506,0.05265982059579774,HIGH,NA,NA,NA,NA,NA,FALSE,OTHER / UNCLASSIFIED,EXPLORATORY,0.2976923076923077,EXPLORATORY
51,BRD-K15592317,CP-466722,48,Tier 3 — Moderate 3/5+,3,2,0.0961921223794742,0.05870758496730335,-0.2062941988881643,0.05771527342768452,REVIEW,NA,NA,NA,NA,NA,FALSE,OTHER / UNCLASSIFIED,EXPLORATORY,0.2884615384615385,EXPLORATORY
52,BRD-K05870596,XMD-1499,49,Tier 3 — Moderate 3/5+,3,2,0.09417920250047272,0.0481247058494131,-0.1580482709097627,0.05650752150028363,REVIEW,NA,NA,NA,NA,NA,FALSE,OTHER / UNCLASSIFIED,EXPLORATORY,0.27692307692307694,EXPLORATORY
53,BRD-A35869383,ibrutinib,56,Tier 3 — Moderate 3/5+,3,2,0.05138423362677108,-0.08794103435084605,-0.6337210106469389,0.03083054017606264,HIGH,CHEMBL1873475,IBRUTINIB,Tyrosine-protein kinase BTK inhibitor,INHIBITOR,CHEMBL5251,TRUE,KINASE,EXPLORATORY,0.2730769230769231,EXPLORATORY
54,BRD-A37704979,SB-203580,54,Tier 2 — Strong 4/5+,4,2,0.04788495595599945,4.259578950083221e-4,-0.6475470216388628,0.03830796476479956,HIGH,NA,NA,NA,NA,NA,FALSE,OTHER / UNCLASSIFIED,EXPLORATORY,0.2630769230769231,EXPLORATORY
55,BRD-K59067695,SU-11274,50,Tier 2 — Strong 4/5+,4,1,0.06601856418622658,0.00506828875451109,-0.3463464115535679,0.05281485134898126,REVIEW,NA,NA,NA,NA,NA,FALSE,OTHER / UNCLASSIFIED,EXPLORATORY,0.25923076923076926,EXPLORATORY
56,BRD-K02113016,olaparib,58,Tier 2 — Strong 4/5+,4,1,0.03405585483832996,0.09571013627678764,-0.11386342124356308,0.02724468387066396,HIGH,CHEMBL521686,OLAPARIB,"PARP 1, 2 and 3 inhibitor",INHIBITOR,CHEMBL3390820,TRUE,DNA_DAMAGE_RESPONSE,EXPLORATORY,0.25923076923076926,EXPLORATORY
57,BRD-K79404599,enzastaurin,61,Tier 3 — Moderate 3/5+,3,3,0.03446454871938548,0.02566420610454218,-0.21166248507270996,0.02067872923163128,HIGH,CHEMBL300138,ENZASTAURIN,Protein kinase C beta inhibitor,INHIBITOR,CHEMBL3045,TRUE,KINASE,EXPLORATORY,0.2153846153846154,EXPLORATORY
58,BRD-A90451247,KU-60019,55,Tier 3 — Moderate 3/5+,3,2,0.06324465019744968,0.07248857675595352,-0.09178641817404123,0.0379467901184698,REVIEW,NA,NA,NA,NA,NA,FALSE,OTHER / UNCLASSIFIED,EXPLORATORY,0.18461538461538465,EXPLORATORY
59,BRD-K75308783,SAR-245409,60,Tier 3 — Moderate 3/5+,3,2,0.03525318635348,0.00504244324747208,-0.1947130868842479,0.021151911812088,REVIEW,CHEMBL2109635,SAR-566658,Mucin-1 binding agent;Tubulin inhibitor,BINDING AGENT;INHIBITOR,CHEMBL3580494;CHEMBL2095182,TRUE,CYTOSKELETON,EXPLORATORY,0.1769230769230769,EXPLORATORY
60,BRD-K64052750,gefitinib,65,Tier 3 — Moderate 3/5+,3,3,0.01117667465371403,0.05605281917676416,-0.2671490504299298,0.00670600479222841,HIGH,CHEMBL939,GEFITINIB,Epidermal growth factor receptor erbB1 inhibitor,INHIBITOR,CHEMBL203,TRUE,OTHER / UNCLASSIFIED,EXPLORATORY,0.16153846153846155,EXPLORATORY
61,BRD-K98333955,NVP-AEW541,57,Tier 3 — Moderate 3/5+,3,2,0.04574009321752734,-0.03218103533377398,-0.23383153075160068,0.0274440559305164,REVIEW,NA,NA,NA,NA,NA,FALSE,OTHER / UNCLASSIFIED,EXPLORATORY,0.15384615384615383,EXPLORATORY
62,BRD-K53281329,SYK-inhibitor,59,Tier 3 — Moderate 3/5+,3,2,0.04322310007721161,0.06880459089169033,-0.05214921920567714,0.02593386004632696,REVIEW,NA,NA,NA,NA,NA,FALSE,OTHER / UNCLASSIFIED,EXPLORATORY,0.13846153846153847,EXPLORATORY
63,BRD-K13566078,BMS-345541,66,Tier 3 — Moderate 3/5+,3,3,0.00390663063898021,0.02639180057970789,-0.2319286642993083,0.00234397838338812,HIGH,NA,NA,NA,NA,NA,FALSE,OTHER / UNCLASSIFIED,EXPLORATORY,0.1,EXPLORATORY
64,BRD-A68739437,NPK76-II-72-1,62,Tier 3 — Moderate 3/5+,3,3,0.02489142928771711,-0.01363692777764798,-0.4671682259569137,0.01493485757263026,REVIEW,NA,NA,NA,NA,NA,FALSE,OTHER / UNCLASSIFIED,EXPLORATORY,0.09615384615384616,EXPLORATORY
65,BRD-K94176593,TWS-119,63,Tier 3 — Moderate 3/5+,3,3,0.02449065218702573,-0.03940530413344465,-0.5244506009691821,0.01469439131221543,REVIEW,NA,NA,NA,NA,NA,FALSE,OTHER / UNCLASSIFIED,EXPLORATORY,0.08461538461538462,EXPLORATORY
66,BRD-K09186807,KIN001-244,64,Tier 3 — Moderate 3/5+,3,3,0.02224171705064764,0.03913431833782386,-0.2488215822107884,0.01334503023038858,REVIEW,NA,NA,NA,NA,NA,FALSE,OTHER / UNCLASSIFIED,EXPLORATORY,0.07307692307692308,EXPLORATORY
