"cluster","T_cell","Cytotoxic_T_NK","B_cell","Plasma","Macrophage","Inflammatory_Myeloid","Dendritic","CAF_Fibroblast","LRRC15_CAF","Pericyte","Smooth_Muscle","Endothelial","ACKR1_Endothelial","Lymphatic_Endothelial","Epithelial","Basal_Epithelial","Luminal_Epithelial","Cycling"
"0",0,0,0,0,0,0,0,0,0,0,0,0,0,0,2,0,3,0
"1",5,7,0,0,0,0,1,0,0,0,0,0,0,0,0,0,0,0
"10",0,0,1,6,0,0,0,0,0,0,0,0,0,0,0,0,0,0
"11",0,0,0,0,0,0,0,2,0,0,0,0,0,0,0,0,0,0
"12",0,0,0,0,0,0,0,0,0,0,0,4,1,0,0,0,0,0
"13",0,0,5,0,0,0,0,0,0,0,0,0,0,0,0,0,0,0
"14",0,0,0,0,0,0,0,8,5,0,0,0,0,1,0,0,0,0
"15",0,0,0,0,0,0,0,0,0,4,5,0,0,0,0,0,0,0
"16",0,0,1,0,2,4,1,0,0,0,0,0,0,0,0,0,0,0
"17",0,0,0,0,0,0,0,2,0,4,1,0,0,0,0,0,0,0
"18",0,0,0,0,0,0,0,0,0,0,4,0,0,0,1,3,0,0
"19",0,0,0,0,4,0,0,0,0,0,0,0,0,0,0,0,0,7
"2",6,0,0,0,0,0,0,0,0,0,0,0,0,0,0,0,0,0
"20",0,1,0,2,0,0,1,0,0,0,0,0,0,0,0,0,0,0
"21",0,0,0,0,0,0,0,0,0,0,0,1,0,5,0,0,0,0
"22",0,0,0,0,4,0,0,0,0,0,0,0,0,0,0,0,0,7
"3",5,0,0,0,0,0,0,0,0,0,0,0,0,0,0,0,0,0
"4",6,1,0,0,0,0,0,0,0,0,0,0,0,0,0,0,0,0
"5",0,0,0,0,7,3,0,0,0,0,0,0,0,0,0,0,0,0
"6",0,0,0,0,0,1,0,0,0,0,0,0,0,0,3,4,2,0
"7",0,0,0,0,0,0,0,0,0,0,0,0,0,0,5,0,5,0
"8",0,0,0,0,0,0,0,0,0,0,0,4,5,0,0,0,0,0
"9",0,0,0,0,0,0,0,0,0,0,0,0,0,0,0,0,0,9
