pert_id,pert_iname,cell_lines_tested,positive_cell_lines,negative_cell_lines,median_score,mean_score,min_score,max_score,sd_score,positive_fraction,negative_fraction,reproducibility_score,tier,robust_rank,canonical_smiles,inchi_key,inchi_key_prefix,pubchem_cid,chembl_id,pref_name,max_phase,match_status,target_chembl_id,mechanism_of_action,action_type,disease_signature_genes,core_signature_genes,disease_up_genes,disease_down_genes
BRD-K07859598,GW-5074,5,4,1,0.44422790006365903,0.29411843877693006,-0.528392371005824,0.6631113603042174,0.44903672768298086,0.8,0.2,0.35538232005092724,Tier 2 — Strong 4/5+,1,NA,NA,NA,NA,CHEMBL584838,NA,NA,search_match_requires_review,NA,NA,NA,454,10,214,240
BRD-K04923131,GSK-3-inhibitor-IX,5,5,0,0.3161703894067659,0.368306266047739,0.19301040450707324,0.6234074370509828,0.16374977876534424,1,0,0.3161703894067659,Tier 1 — Consistent 5/5,2,NA,NA,NA,NA,CHEMBL380413,NA,NA,search_match_requires_review,NA,NA,NA,454,10,214,240
BRD-K90382497,GW-843682X,5,5,1,0.29168138767668006,0.2796214745414621,-0.254338233128161,0.905491965668046,0.31907552700623815,1,0.2,0.29168138767668006,Tier 2 — Strong 4/5+,3,NA,NA,NA,NA,CHEMBL4303385,NA,NA,search_match_requires_review,NA,NA,NA,454,10,214,240
BRD-K74514084,pazopanib,5,5,0,0.2655092141884459,0.27092270914548106,0.0897465960935676,0.47783201579571,0.1415179541588359,1,0,0.2655092141884459,Tier 1 — Consistent 5/5,4,NA,NA,NA,NA,CHEMBL477772,PAZOPANIB,4,exact_name_match,NA,NA,NA,454,10,214,240
BRD-K22096725,ALW-II-49-7,5,4,1,0.3282946220983697,0.24889593765976264,-0.18758994755541075,0.4868795406259359,0.27078550787543265,0.8,0.2,0.26263569767869577,Tier 2 — Strong 4/5+,5,NA,NA,NA,NA,CHEMBL5993064,NA,NA,search_match_requires_review,NA,NA,NA,454,10,214,240
BRD-K95435023,PHA-665752,5,5,0,0.26008158848349655,0.2602698099097105,0.09921242373422424,0.4453518680805004,0.12900286257459884,1,0,0.26008158848349655,Tier 1 — Consistent 5/5,6,NA,NA,NA,NA,CHEMBL450786,PHA-665752,NA,exact_name_match,NA,NA,NA,454,10,214,240
BRD-K16478699,PLX-4720,5,5,1,0.2531988268438856,0.1908684817340041,-0.1659533357937114,0.2819963824759967,0.15944804557220352,1,0.2,0.2531988268438856,Tier 2 — Strong 4/5+,7,NA,NA,NA,NA,CHEMBL1230020,PLX-4720,NA,exact_name_match,NA,NA,NA,454,10,214,240
BRD-K40738845,BMS-777607,5,4,1,0.3140217565347384,0.14297681822064165,-0.4145749582706126,0.39302497460850894,0.33774899527526747,0.8,0.2,0.25121740522779074,Tier 2 — Strong 4/5+,8,NA,NA,NA,NA,CHEMBL460702,BMS-777607,2,exact_name_match,CHEMBL3717,Hepatocyte growth factor receptor inhibitor,INHIBITOR,454,10,214,240
BRD-K99616396,motesanib,5,4,1,0.30382114566083906,0.24127577087700225,-0.1123334384427592,0.4191123848207521,0.182751381690227,0.8,0.2,0.24305691652867129,Tier 2 — Strong 4/5+,9,NA,NA,NA,NA,CHEMBL572881,MOTESANIB,3,exact_name_match,CHEMBL1936,Stem cell growth factor receptor inhibitor,INHIBITOR,454,10,214,240
BRD-K99616396,motesanib,5,4,1,0.30382114566083906,0.24127577087700225,-0.1123334384427592,0.4191123848207521,0.182751381690227,0.8,0.2,0.24305691652867129,Tier 2 — Strong 4/5+,9,NA,NA,NA,NA,CHEMBL572881,MOTESANIB,3,exact_name_match,CHEMBL2041,Tyrosine-protein kinase receptor RET inhibitor,INHIBITOR,454,10,214,240
BRD-K99616396,motesanib,5,4,1,0.30382114566083906,0.24127577087700225,-0.1123334384427592,0.4191123848207521,0.182751381690227,0.8,0.2,0.24305691652867129,Tier 2 — Strong 4/5+,9,NA,NA,NA,NA,CHEMBL572881,MOTESANIB,3,exact_name_match,CHEMBL2095227,Vascular endothelial growth factor receptor inhibitor,INHIBITOR,454,10,214,240
BRD-K99616396,motesanib,5,4,1,0.30382114566083906,0.24127577087700225,-0.1123334384427592,0.4191123848207521,0.182751381690227,0.8,0.2,0.24305691652867129,Tier 2 — Strong 4/5+,9,NA,NA,NA,NA,CHEMBL572881,MOTESANIB,3,exact_name_match,CHEMBL2095189,Platelet-derived growth factor receptor inhibitor,INHIBITOR,454,10,214,240
BRD-K68191783,ALW-II-38-3,5,4,1,0.29872659510941135,0.14379473253663255,-0.68317635290808,0.41913746902078847,0.4164162182530732,0.8,0.2,0.2389812760875291,Tier 2 — Strong 4/5+,10,NA,NA,NA,NA,CHEMBL3640475,NA,NA,search_match_requires_review,NA,NA,NA,454,10,214,240
BRD-K49810818,sorafenib,5,3,2,0.3936235697879521,0.2462596945760504,-0.21419834672811455,0.576901727660392,0.34756039348735573,0.6,0.4,0.23617414187277125,Tier 3 — Moderate 3/5+,11,NA,NA,NA,NA,CHEMBL1336,SORAFENIB,4,exact_name_match,NA,NA,NA,454,10,214,240
BRD-K49327517,THZ-2-98-01,5,4,1,0.28917564798090645,0.20655642113067005,-0.2236783976466873,0.5507389751734311,0.2931159105127375,0.8,0.2,0.23134051838472516,Tier 2 — Strong 4/5+,12,NA,NA,NA,NA,CHEMBL4303658,NA,NA,search_match_requires_review,NA,NA,NA,454,10,214,240
BRD-K25340465,OSI-930,5,3,2,0.36406774111081,0.0938719089230671,-0.657616320372842,0.4567409368546659,0.4793614113790099,0.6,0.4,0.21844064466648597,Tier 3 — Moderate 3/5+,13,NA,NA,NA,NA,CHEMBL1614710,OSI-930,1,exact_name_match,CHEMBL1936,Stem cell growth factor receptor inhibitor,INHIBITOR,454,10,214,240
BRD-K25340465,OSI-930,5,3,2,0.36406774111081,0.0938719089230671,-0.657616320372842,0.4567409368546659,0.4793614113790099,0.6,0.4,0.21844064466648597,Tier 3 — Moderate 3/5+,13,NA,NA,NA,NA,CHEMBL1614710,OSI-930,1,exact_name_match,CHEMBL2095227,Vascular endothelial growth factor receptor inhibitor,INHIBITOR,454,10,214,240
BRD-K33379087,tivantinib,5,5,0,0.213711431585622,0.25011851178186806,0.14092952643648457,0.4762647344152867,0.132604448470181,1,0,0.213711431585622,Tier 1 — Consistent 5/5,14,NA,NA,NA,NA,CHEMBL2103882,TIVANTINIB,3,exact_name_match,CHEMBL3717,Hepatocyte growth factor receptor inhibitor,INHIBITOR,454,10,214,240
BRD-K52721289,XMD-1527,5,5,0,0.20579944492316693,0.2206632863910568,0.09359300651619716,0.3943830294019987,0.13080598100670707,1,0,0.20579944492316693,Tier 1 — Consistent 5/5,15,NA,NA,NA,NA,CHEMBL5303523,NA,NA,search_match_requires_review,NA,NA,NA,454,10,214,240
BRD-K16189898,CHIR-99021,5,4,1,0.24668063112429697,0.20200228191406305,-0.08639319764752505,0.329023962888225,0.16686049586813245,0.8,0.2,0.1973445048994376,Tier 2 — Strong 4/5+,16,NA,NA,NA,NA,CHEMBL412142,LADUVIGLUSIB,1,search_match_requires_review,NA,NA,NA,454,10,214,240
BRD-K07691486,roscovitine,5,4,2,0.2412372488010185,0.10937875503623,-0.5170593663393499,0.38348274965439777,0.3395125744966814,0.8,0.4,0.1929897990408148,Tier 2 — Strong 4/5+,17,NA,NA,NA,NA,CHEMBL14762,SELICICLIB,2,search_match_requires_review,CHEMBL301,Cyclin-dependent kinase 2 inhibitor,INHIBITOR,454,10,214,240
BRD-K07691486,roscovitine,5,4,2,0.2412372488010185,0.10937875503623,-0.5170593663393499,0.38348274965439777,0.3395125744966814,0.8,0.4,0.1929897990408148,Tier 2 — Strong 4/5+,17,NA,NA,NA,NA,CHEMBL14762,SELICICLIB,2,search_match_requires_review,CHEMBL3055,Cyclin-dependent kinase 7 inhibitor,INHIBITOR,454,10,214,240
BRD-K07691486,roscovitine,5,4,2,0.2412372488010185,0.10937875503623,-0.5170593663393499,0.38348274965439777,0.3395125744966814,0.8,0.4,0.1929897990408148,Tier 2 — Strong 4/5+,17,NA,NA,NA,NA,CHEMBL14762,SELICICLIB,2,search_match_requires_review,CHEMBL3116,Cyclin-dependent kinase 9 inhibitor,INHIBITOR,454,10,214,240
BRD-K07691486,roscovitine,5,4,2,0.2412372488010185,0.10937875503623,-0.5170593663393499,0.38348274965439777,0.3395125744966814,0.8,0.4,0.1929897990408148,Tier 2 — Strong 4/5+,17,NA,NA,NA,NA,CHEMBL14762,SELICICLIB,2,search_match_requires_review,CHEMBL308,Cyclin-dependent kinase 1 inhibitor,INHIBITOR,454,10,214,240
BRD-K07691486,roscovitine,5,4,2,0.2412372488010185,0.10937875503623,-0.5170593663393499,0.38348274965439777,0.3395125744966814,0.8,0.4,0.1929897990408148,Tier 2 — Strong 4/5+,17,NA,NA,NA,NA,CHEMBL14762,SELICICLIB,2,search_match_requires_review,CHEMBL4036,Cyclin-dependent kinase 5 inhibitor,INHIBITOR,454,10,214,240
BRD-K97764662,PD-173074,5,5,1,0.17988423509591692,0.16723412379255292,-0.1762906081127784,0.455049451336771,0.20578289397092883,1,0.2,0.17988423509591692,Tier 2 — Strong 4/5+,18,NA,NA,NA,NA,CHEMBL189584,PD-173074,NA,exact_name_match,NA,NA,NA,454,10,214,240
BRD-K86274953,XMD-132,5,4,1,0.20926536363049497,0.22104587971228631,-0.01463285784377475,0.5139142838977784,0.2207386029440223,0.8,0.2,0.167412290904396,Tier 2 — Strong 4/5+,19,NA,NA,NA,NA,CHEMBL5303523,NA,NA,search_match_requires_review,NA,NA,NA,454,10,214,240
BRD-K04833372,GSK-1904529A,5,5,1,0.1620425818232706,0.15179970431985823,-0.1015484279337557,0.3488406575844655,0.1790356922638424,1,0.2,0.1620425818232706,Tier 2 — Strong 4/5+,20,NA,NA,NA,NA,CHEMBL4303308,NA,NA,search_match_requires_review,NA,NA,NA,454,10,214,240
BRD-K93918653,quizartinib,5,5,1,0.15511930929665405,0.1982050959541212,-0.08310820816442605,0.5013640066805835,0.21428627795459532,1,0.2,0.15511930929665405,Tier 2 — Strong 4/5+,21,NA,NA,NA,NA,CHEMBL576982,QUIZARTINIB,4,exact_name_match,CHEMBL1844,Macrophage colony stimulating factor receptor inhibitor,INHIBITOR,454,10,214,240
BRD-K93918653,quizartinib,5,5,1,0.15511930929665405,0.1982050959541212,-0.08310820816442605,0.5013640066805835,0.21428627795459532,1,0.2,0.15511930929665405,Tier 2 — Strong 4/5+,21,NA,NA,NA,NA,CHEMBL576982,QUIZARTINIB,4,exact_name_match,CHEMBL1974,Tyrosine-protein kinase receptor FLT3 inhibitor,INHIBITOR,454,10,214,240
BRD-K93918653,quizartinib,5,5,1,0.15511930929665405,0.1982050959541212,-0.08310820816442605,0.5013640066805835,0.21428627795459532,1,0.2,0.15511930929665405,Tier 2 — Strong 4/5+,21,NA,NA,NA,NA,CHEMBL576982,QUIZARTINIB,4,exact_name_match,CHEMBL1936,Stem cell growth factor receptor inhibitor,INHIBITOR,454,10,214,240
BRD-K93918653,quizartinib,5,5,1,0.15511930929665405,0.1982050959541212,-0.08310820816442605,0.5013640066805835,0.21428627795459532,1,0.2,0.15511930929665405,Tier 2 — Strong 4/5+,21,NA,NA,NA,NA,CHEMBL576982,QUIZARTINIB,4,exact_name_match,CHEMBL2095189,Platelet-derived growth factor receptor inhibitor,INHIBITOR,454,10,214,240
BRD-K93918653,quizartinib,5,5,1,0.15511930929665405,0.1982050959541212,-0.08310820816442605,0.5013640066805835,0.21428627795459532,1,0.2,0.15511930929665405,Tier 2 — Strong 4/5+,21,NA,NA,NA,NA,CHEMBL576982,QUIZARTINIB,4,exact_name_match,CHEMBL2041,Tyrosine-protein kinase receptor RET inhibitor,INHIBITOR,454,10,214,240
BRD-K42728290,NVP-BGJ398,5,5,0,0.15330785929646512,0.1640520934920849,0.00498461383961999,0.4070284325640745,0.1604435351570743,1,0,0.15330785929646512,Tier 1 — Consistent 5/5,22,NA,NA,NA,NA,CHEMBL1852688,INFIGRATINIB,4,search_match_requires_review,CHEMBL2095217,Fibroblast growth factor receptor inhibitor,INHIBITOR,454,10,214,240
BRD-K29983336,rondual-kinase-inhibitor,5,3,2,0.2345101254575288,0.11459263872596416,-0.2796226676413366,0.3907727236128973,0.2702510054139747,0.6,0.4,0.14070607527451728,Tier 3 — Moderate 3/5+,23,NA,NA,NA,NA,CHEMBL4536936,NA,NA,search_match_requires_review,NA,NA,NA,454,10,214,240
BRD-A87137733,GSK-690693,5,3,2,0.23315353117419957,0.1121669847317898,-0.4384835452215593,0.5516076289981013,0.38863146539777793,0.6,0.4,0.13989211870451973,Tier 3 — Moderate 3/5+,24,NA,NA,NA,NA,CHEMBL494089,GSK-690693,1,exact_name_match,CHEMBL2111353,Serine/threonine-protein kinase AKT inhibitor,INHIBITOR,454,10,214,240
BRD-A87137733,GSK-690693,5,3,2,0.23315353117419957,0.1121669847317898,-0.4384835452215593,0.5516076289981013,0.38863146539777793,0.6,0.4,0.13989211870451973,Tier 3 — Moderate 3/5+,24,NA,NA,NA,NA,CHEMBL494089,GSK-690693,1,exact_name_match,CHEMBL2094138,cAMP-dependent protein kinase (PKA) inhibitor,INHIBITOR,454,10,214,240
BRD-A87137733,GSK-690693,5,3,2,0.23315353117419957,0.1121669847317898,-0.4384835452215593,0.5516076289981013,0.38863146539777793,0.6,0.4,0.13989211870451973,Tier 3 — Moderate 3/5+,24,NA,NA,NA,NA,CHEMBL494089,GSK-690693,1,exact_name_match,CHEMBL2093867,Protein kinase C (PKC) inhibitor,INHIBITOR,454,10,214,240
BRD-K04801023,SAR-245408,5,4,1,0.1747746084279201,0.12970655123071032,-0.03971941281802112,0.22626290157230228,0.11261899524264904,0.8,0.2,0.13981968674233608,Tier 2 — Strong 4/5+,25,NA,NA,NA,NA,CHEMBL3360203,PILARALISIB,2,search_match_requires_review,CHEMBL3559703,PI3-kinase class I inhibitor,INHIBITOR,454,10,214,240
BRD-K71035033,masitinib,5,5,0,0.13946666630596513,0.17278545467439288,0.11412024659652918,0.36861141382912666,0.09723813714238996,1,0,0.13946666630596513,Tier 1 — Consistent 5/5,26,NA,NA,NA,NA,CHEMBL1908391,MASITINIB,3,exact_name_match,CHEMBL2742,Fibroblast growth factor receptor 3 inhibitor,INHIBITOR,454,10,214,240
BRD-K71035033,masitinib,5,5,0,0.13946666630596513,0.17278545467439288,0.11412024659652918,0.36861141382912666,0.09723813714238996,1,0,0.13946666630596513,Tier 1 — Consistent 5/5,26,NA,NA,NA,NA,CHEMBL1908391,MASITINIB,3,exact_name_match,CHEMBL1936,Stem cell growth factor receptor inhibitor,INHIBITOR,454,10,214,240
BRD-K71035033,masitinib,5,5,0,0.13946666630596513,0.17278545467439288,0.11412024659652918,0.36861141382912666,0.09723813714238996,1,0,0.13946666630596513,Tier 1 — Consistent 5/5,26,NA,NA,NA,NA,CHEMBL1908391,MASITINIB,3,exact_name_match,CHEMBL2095189,Platelet-derived growth factor receptor inhibitor,INHIBITOR,454,10,214,240
BRD-K78431006,crizotinib,5,5,1,0.13492042977449473,0.11106378431792004,-0.06090518646771308,0.28377631722584534,0.11819076015998828,1,0.2,0.13492042977449473,Tier 2 — Strong 4/5+,27,NA,NA,NA,NA,CHEMBL601719,CRIZOTINIB,4,exact_name_match,CHEMBL3717,Hepatocyte growth factor receptor inhibitor,INHIBITOR,454,10,214,240
BRD-K78431006,crizotinib,5,5,1,0.13492042977449473,0.11106378431792004,-0.06090518646771308,0.28377631722584534,0.11819076015998828,1,0.2,0.13492042977449473,Tier 2 — Strong 4/5+,27,NA,NA,NA,NA,CHEMBL601719,CRIZOTINIB,4,exact_name_match,CHEMBL4247,ALK tyrosine kinase receptor inhibitor,INHIBITOR,454,10,214,240
BRD-K78431006,crizotinib,5,5,1,0.13492042977449473,0.11106378431792004,-0.06090518646771308,0.28377631722584534,0.11819076015998828,1,0.2,0.13492042977449473,Tier 2 — Strong 4/5+,27,NA,NA,NA,NA,CHEMBL601719,CRIZOTINIB,4,exact_name_match,CHEMBL3883330,EML4-ALK inhibitor,INHIBITOR,454,10,214,240
BRD-K78431006,crizotinib,5,5,1,0.13492042977449473,0.11106378431792004,-0.06090518646771308,0.28377631722584534,0.11819076015998828,1,0.2,0.13492042977449473,Tier 2 — Strong 4/5+,27,NA,NA,NA,NA,CHEMBL601719,CRIZOTINIB,4,exact_name_match,CHEMBL2111387,NPM/ALK (Nucleophosmin/ALK tyrosine kinase receptor) inhibitor,INHIBITOR,454,10,214,240
BRD-K78431006,crizotinib,5,5,1,0.13492042977449473,0.11106378431792004,-0.06090518646771308,0.28377631722584534,0.11819076015998828,1,0.2,0.13492042977449473,Tier 2 — Strong 4/5+,27,NA,NA,NA,NA,CHEMBL601719,CRIZOTINIB,4,exact_name_match,CHEMBL5568,Proto-oncogene tyrosine-protein kinase ROS inhibitor,INHIBITOR,454,10,214,240
BRD-K78431006,crizotinib,5,5,1,0.13492042977449473,0.11106378431792004,-0.06090518646771308,0.28377631722584534,0.11819076015998828,1,0.2,0.13492042977449473,Tier 2 — Strong 4/5+,27,NA,NA,NA,NA,CHEMBL601719,CRIZOTINIB,4,exact_name_match,CHEMBL2689,Macrophage-stimulating protein receptor inhibitor,INHIBITOR,454,10,214,240
BRD-K55187425,ON-01910,5,3,2,0.2020918862282824,0.15596863797568597,-0.08113528733171052,0.3846344183268796,0.19459352062492496,0.6,0.4,0.12125513173696945,Tier 3 — Moderate 3/5+,28,NA,NA,NA,NA,CHEMBL2013119,RIGOSERTIB SODIUM,3,search_match_requires_review,NA,NA,NA,454,10,214,240
BRD-K07667918,linsitinib,5,3,2,0.197197354979618,0.15823400096692825,-0.1252240473035385,0.4977245923714533,0.24531944944845951,0.6,0.4,0.1183184129877708,Tier 3 — Moderate 3/5+,29,NA,NA,NA,NA,CHEMBL1091644,LINSITINIB,3,exact_name_match,CHEMBL1957,Insulin-like growth factor I receptor inhibitor,INHIBITOR,454,10,214,240
BRD-K07667918,linsitinib,5,3,2,0.197197354979618,0.15823400096692825,-0.1252240473035385,0.4977245923714533,0.24531944944845951,0.6,0.4,0.1183184129877708,Tier 3 — Moderate 3/5+,29,NA,NA,NA,NA,CHEMBL1091644,LINSITINIB,3,exact_name_match,CHEMBL1981,Insulin receptor inhibitor,INHIBITOR,454,10,214,240
BRD-K99749624,linifanib,5,4,1,0.13390454862473586,0.1568300471631121,-0.0782509484906955,0.4881620978637856,0.1980451480311839,0.8,0.2,0.1071236388997887,Tier 2 — Strong 4/5+,30,NA,NA,NA,NA,CHEMBL223360,LINIFANIB,3,exact_name_match,CHEMBL1844,Macrophage colony stimulating factor receptor inhibitor,INHIBITOR,454,10,214,240
BRD-K99749624,linifanib,5,4,1,0.13390454862473586,0.1568300471631121,-0.0782509484906955,0.4881620978637856,0.1980451480311839,0.8,0.2,0.1071236388997887,Tier 2 — Strong 4/5+,30,NA,NA,NA,NA,CHEMBL223360,LINIFANIB,3,exact_name_match,CHEMBL1974,Tyrosine-protein kinase receptor FLT3 inhibitor,INHIBITOR,454,10,214,240
BRD-K99749624,linifanib,5,4,1,0.13390454862473586,0.1568300471631121,-0.0782509484906955,0.4881620978637856,0.1980451480311839,0.8,0.2,0.1071236388997887,Tier 2 — Strong 4/5+,30,NA,NA,NA,NA,CHEMBL223360,LINIFANIB,3,exact_name_match,CHEMBL2095189,Platelet-derived growth factor receptor inhibitor,INHIBITOR,454,10,214,240
BRD-K99749624,linifanib,5,4,1,0.13390454862473586,0.1568300471631121,-0.0782509484906955,0.4881620978637856,0.1980451480311839,0.8,0.2,0.1071236388997887,Tier 2 — Strong 4/5+,30,NA,NA,NA,NA,CHEMBL223360,LINIFANIB,3,exact_name_match,CHEMBL2095227,Vascular endothelial growth factor receptor inhibitor,INHIBITOR,454,10,214,240
BRD-K81528515,nilotinib,5,4,1,0.13239231519449188,0.07379191306399933,-0.34442146498077236,0.36530301994428904,0.21395982773192923,0.8,0.2,0.10591385215559351,Tier 2 — Strong 4/5+,31,NA,NA,NA,NA,CHEMBL255863,NILOTINIB,4,exact_name_match,NA,NA,NA,454,10,214,240
BRD-K66847579,WZ-7043,5,4,1,0.12943157325617413,0.11854551438926748,-0.2046814967603897,0.4065102696827575,0.22845685483252948,0.8,0.2,0.10354525860493932,Tier 2 — Strong 4/5+,32,NA,NA,NA,NA,CHEMBL237830,NA,NA,search_match_requires_review,NA,NA,NA,454,10,214,240
BRD-K93747373,HG-5-113-01,5,3,2,0.17116155940126684,0.02758270199611786,-0.2633025837456575,0.3014320500994697,0.266574707099304,0.6,0.4,0.1026969356407601,Tier 3 — Moderate 3/5+,33,NA,NA,NA,NA,CHEMBL2170016,NA,NA,search_match_requires_review,NA,NA,NA,454,10,214,240
BRD-K19477839,SGX523,5,4,1,0.1276573741017118,0.13429994780697188,-0.00399906952813449,0.2558097973037562,0.09410083056706488,0.8,0.2,0.10212589928136943,Tier 2 — Strong 4/5+,34,NA,NA,NA,NA,CHEMBL1236107,SGX-523,1,search_match_requires_review,CHEMBL3717,Hepatocyte growth factor receptor inhibitor,INHIBITOR,454,10,214,240
BRD-K01253243,SB-590885,5,3,2,0.16589710135076496,0.1848251414200652,-0.1613868122335157,0.5818608826440771,0.31468560780207444,0.6,0.4,0.09953826081045898,Tier 3 — Moderate 3/5+,35,NA,NA,NA,NA,CHEMBL1909414,NA,NA,search_match_requires_review,NA,NA,NA,454,10,214,240
BRD-K68756823,FR-180204,5,4,2,0.12373427484623808,0.10669197908079532,-0.14505625173494974,0.2912857582739108,0.17245289613577833,0.8,0.4,0.09898741987699047,Tier 2 — Strong 4/5+,36,NA,NA,NA,NA,CHEMBL259551,NA,NA,search_match_requires_review,NA,NA,NA,454,10,214,240
BRD-K49075727,nintedanib,5,4,1,0.12301843169954484,0.02935982938973024,-0.3724239574427016,0.1790423313020623,0.23100008712639783,0.8,0.2,0.09841474535963587,Tier 2 — Strong 4/5+,37,NA,NA,NA,NA,CHEMBL502835,NINTEDANIB,4,exact_name_match,NA,NA,NA,454,10,214,240
BRD-K01567962,pyrazolanthrone,5,4,1,0.1133638234296136,0.08122464170686527,-0.15223641701630858,0.19868372791432945,0.1297912445441214,0.8,0.2,0.09069105874369088,Tier 2 — Strong 4/5+,38,NA,NA,NA,NA,CHEMBL7064,NA,NA,search_match_requires_review,NA,NA,NA,454,10,214,240
BRD-K49468759,KIN001-266,5,3,2,0.15063542151802806,0.08733376785820672,-0.10683428556373842,0.2529106558776021,0.15708705479777693,0.6,0.4,0.09038125291081683,Tier 3 — Moderate 3/5+,39,NA,NA,NA,NA,CHEMBL3663550,NA,NA,search_match_requires_review,NA,NA,NA,454,10,214,240
BRD-K67578145,GDC-0879,5,4,1,0.09837041265814288,0.08208564179771549,-0.5057857178034202,0.4647275061539092,0.32666883059498386,0.8,0.2,0.07869633012651431,Tier 2 — Strong 4/5+,40,NA,NA,NA,NA,CHEMBL2139930,NA,NA,search_match_requires_review,NA,NA,NA,454,10,214,240
BRD-K04853698,LDN-193189,5,4,2,0.09703843040730586,0.14391035453126583,-0.06078101993556446,0.40572254958910114,0.18701259776724535,0.8,0.4,0.0776307443258447,Tier 2 — Strong 4/5+,41,NA,NA,NA,NA,CHEMBL5303350,NA,NA,search_match_requires_review,NA,NA,NA,454,10,214,240
BRD-K92428232,GSK-461364,5,4,1,0.09101742249842062,0.08263635370175862,-0.116761891153011,0.3114346627085606,0.14268248462501046,0.8,0.2,0.0728139379987365,Tier 2 — Strong 4/5+,42,NA,NA,NA,NA,CHEMBL1908394,GSK-461364,1,exact_name_match,CHEMBL3024,Serine/threonine-protein kinase PLK1 inhibitor,INHIBITOR,454,10,214,240
BRD-K53414658,tivozanib,5,3,2,0.12065486529796378,0.0492281777600642,-0.3415970810206368,0.3648998985245189,0.2601483939509595,0.6,0.4,0.07239291917877827,Tier 3 — Moderate 3/5+,43,NA,NA,NA,NA,CHEMBL1289494,TIVOZANIB,4,exact_name_match,CHEMBL2095227,Vascular endothelial growth factor receptor inhibitor,INHIBITOR,454,10,214,240
BRD-K92723993,imatinib,5,4,2,0.08561592729611817,0.16030501726009616,-0.1603561894153253,0.510241043882304,0.23596595664576,0.8,0.4,0.06849274183689454,Tier 2 — Strong 4/5+,44,NA,NA,NA,NA,CHEMBL941,IMATINIB,4,exact_name_match,NA,NA,NA,454,10,214,240
BRD-K09991945,GSK-3-inhibitor-II,5,4,1,0.0837003236174271,0.1154558059328921,-0.12125910732312,0.42004732967754455,0.1804981096439988,0.8,0.2,0.06696025889394168,Tier 2 — Strong 4/5+,45,NA,NA,NA,NA,CHEMBL5723360,NA,NA,search_match_requires_review,NA,NA,NA,454,10,214,240
BRD-K59184148,SB-216763,5,4,1,0.08323343431350619,0.12969941185632491,-0.2708959975955597,0.4407212195264071,0.2620158849241561,0.8,0.2,0.06658674745080495,Tier 2 — Strong 4/5+,46,NA,NA,NA,NA,CHEMBL102714,SB-216763,NA,exact_name_match,NA,NA,NA,454,10,214,240
BRD-K82091397,SB-239063,5,3,2,0.09861347452763648,0.10705311676224635,-0.19444144504398883,0.5102358560743852,0.26249994076326594,0.6,0.4,0.05916808471658188,Tier 3 — Moderate 3/5+,47,NA,NA,NA,NA,CHEMBL97162,NA,NA,search_match_requires_review,NA,NA,NA,454,10,214,240
BRD-K15592317,CP-466722,5,3,2,0.0961921223794742,0.05870758496730335,-0.2062941988881643,0.3059762141468618,0.20130795471627175,0.6,0.4,0.05771527342768452,Tier 3 — Moderate 3/5+,48,NA,NA,NA,NA,CHEMBL4303229,NA,NA,search_match_requires_review,NA,NA,NA,454,10,214,240
BRD-K05870596,XMD-1499,5,3,2,0.09417920250047272,0.0481247058494131,-0.1580482709097627,0.2595763711513862,0.1882694609133766,0.6,0.4,0.05650752150028363,Tier 3 — Moderate 3/5+,49,NA,NA,NA,NA,CHEMBL5303523,NA,NA,search_match_requires_review,NA,NA,NA,454,10,214,240
BRD-K59067695,SU-11274,5,4,1,0.06601856418622658,0.00506828875451109,-0.3463464115535679,0.17117444720460148,0.20628457727036464,0.8,0.2,0.05281485134898126,Tier 2 — Strong 4/5+,50,NA,NA,NA,NA,CHEMBL5303414,NA,NA,search_match_requires_review,NA,NA,NA,454,10,214,240
BRD-K53972329,ruxolitinib,5,4,2,0.06582477574474717,0.04812639418024084,-0.07788599887074506,0.1792564089145235,0.08407451975257504,0.8,0.4,0.05265982059579774,Tier 2 — Strong 4/5+,51,NA,NA,NA,NA,CHEMBL1789941,RUXOLITINIB,4,exact_name_match,NA,NA,NA,454,10,214,240
BRD-K02123250,JNJ-38877605,5,3,2,0.08672939841674482,0.07927317344628426,-0.2119330014535452,0.3618378354477976,0.20147495407912883,0.6,0.4,0.05203763905004689,Tier 3 — Moderate 3/5+,52,NA,NA,NA,NA,CHEMBL2133806,JNJ-38877605,1,exact_name_match,CHEMBL3717,Hepatocyte growth factor receptor inhibitor,INHIBITOR,454,10,214,240
BRD-K70511574,HMN-214,5,3,2,0.0672642331415868,0.01475758824873412,-0.37246086919955,0.39572026291204127,0.2737086870183022,0.6,0.4,0.04035853988495208,Tier 3 — Moderate 3/5+,53,NA,NA,NA,NA,CHEMBL3991927,HMN-214,1,exact_name_match,CHEMBL3024,Serine/threonine-protein kinase PLK1 inhibitor,INHIBITOR,454,10,214,240
BRD-A37704979,SB-203580,5,4,2,0.04788495595599945,4.259578950083221e-4,-0.6475470216388628,0.4679264944340986,0.33647986138568914,0.8,0.4,0.03830796476479956,Tier 2 — Strong 4/5+,54,NA,NA,NA,NA,CHEMBL10,SB-203580,NA,exact_name_match,NA,NA,NA,454,10,214,240
BRD-A90451247,KU-60019,5,3,2,0.06324465019744968,0.07248857675595352,-0.09178641817404123,0.2934288974753171,0.16140901460808108,0.6,0.4,0.0379467901184698,Tier 3 — Moderate 3/5+,55,NA,NA,NA,NA,CHEMBL2140173,NA,NA,search_match_requires_review,NA,NA,NA,454,10,214,240
BRD-A35869383,ibrutinib,5,3,2,0.05138423362677108,-0.08794103435084605,-0.6337210106469389,0.22782820393682213,0.34650822294234207,0.6,0.4,0.03083054017606264,Tier 3 — Moderate 3/5+,56,NA,NA,NA,NA,CHEMBL1873475,IBRUTINIB,4,exact_name_match,CHEMBL5251,Tyrosine-protein kinase BTK inhibitor,INHIBITOR,454,10,214,240
BRD-K98333955,NVP-AEW541,5,3,2,0.04574009321752734,-0.03218103533377398,-0.23383153075160068,0.10316183215963556,0.14485358427234774,0.6,0.4,0.0274440559305164,Tier 3 — Moderate 3/5+,57,NA,NA,NA,NA,CHEMBL4797365,NA,NA,search_match_requires_review,NA,NA,NA,454,10,214,240
BRD-K02113016,olaparib,5,4,1,0.03405585483832996,0.09571013627678764,-0.11386342124356308,0.3049140291943314,0.1681748227683145,0.8,0.2,0.02724468387066396,Tier 2 — Strong 4/5+,58,NA,NA,NA,NA,CHEMBL521686,OLAPARIB,4,exact_name_match,CHEMBL3390820,"PARP 1, 2 and 3 inhibitor",INHIBITOR,454,10,214,240
BRD-K53281329,SYK-inhibitor,5,3,2,0.04322310007721161,0.06880459089169033,-0.05214921920567714,0.23971988342242811,0.12572826315470104,0.6,0.4,0.02593386004632696,Tier 3 — Moderate 3/5+,59,NA,NA,NA,NA,CHEMBL2204021,NA,NA,search_match_requires_review,NA,NA,NA,454,10,214,240
BRD-K75308783,SAR-245409,5,3,2,0.03525318635348,0.00504244324747208,-0.1947130868842479,0.14166963556020604,0.14041596028425235,0.6,0.4,0.021151911812088,Tier 3 — Moderate 3/5+,60,NA,NA,NA,NA,CHEMBL2109635,SAR-566658,2,search_match_requires_review,CHEMBL3580494,Mucin-1 binding agent,BINDING AGENT,454,10,214,240
BRD-K75308783,SAR-245409,5,3,2,0.03525318635348,0.00504244324747208,-0.1947130868842479,0.14166963556020604,0.14041596028425235,0.6,0.4,0.021151911812088,Tier 3 — Moderate 3/5+,60,NA,NA,NA,NA,CHEMBL2109635,SAR-566658,2,search_match_requires_review,CHEMBL2095182,Tubulin inhibitor,INHIBITOR,454,10,214,240
BRD-K79404599,enzastaurin,5,3,3,0.03446454871938548,0.02566420610454218,-0.21166248507270996,0.3020071286870456,0.17674854624804273,0.6,0.6,0.02067872923163128,Tier 3 — Moderate 3/5+,61,NA,NA,NA,NA,CHEMBL300138,ENZASTAURIN,3,exact_name_match,CHEMBL3045,Protein kinase C beta inhibitor,INHIBITOR,454,10,214,240
BRD-A68739437,NPK76-II-72-1,5,3,3,0.02489142928771711,-0.01363692777764798,-0.4671682259569137,0.4534912760637626,0.3430995170037835,0.6,0.6,0.01493485757263026,Tier 3 — Moderate 3/5+,62,NA,NA,NA,NA,CHEMBL4112840,NA,NA,search_match_requires_review,NA,NA,NA,454,10,214,240
BRD-K94176593,TWS-119,5,3,3,0.02449065218702573,-0.03940530413344465,-0.5244506009691821,0.27011973187818283,0.27881217652803464,0.6,0.6,0.01469439131221543,Tier 3 — Moderate 3/5+,63,NA,NA,NA,NA,CHEMBL405759,NA,NA,search_match_requires_review,NA,NA,NA,454,10,214,240
BRD-K09186807,KIN001-244,5,3,3,0.02224171705064764,0.03913431833782386,-0.2488215822107884,0.3665182317346498,0.2640478135118073,0.6,0.6,0.01334503023038858,Tier 3 — Moderate 3/5+,64,NA,NA,NA,NA,CHEMBL3663528,NA,NA,search_match_requires_review,NA,NA,NA,454,10,214,240
BRD-K64052750,gefitinib,5,3,3,0.01117667465371403,0.05605281917676416,-0.2671490504299298,0.28855360402080366,0.1804810601936175,0.6,0.6,0.00670600479222841,Tier 3 — Moderate 3/5+,65,NA,NA,NA,NA,CHEMBL939,GEFITINIB,4,exact_name_match,CHEMBL203,Epidermal growth factor receptor erbB1 inhibitor,INHIBITOR,454,10,214,240
BRD-K13566078,BMS-345541,5,3,3,0.00390663063898021,0.02639180057970789,-0.2319286642993083,0.3633889434734052,0.2246287593260142,0.6,0.6,0.00234397838338812,Tier 3 — Moderate 3/5+,66,NA,NA,NA,NA,CHEMBL249697,BMS-345541,NA,exact_name_match,NA,NA,NA,454,10,214,240
