"p_val","avg_log2FC","pct.1","pct.2","p_val_adj","cluster","gene"
0,5.43331743519986,0.314,0.016,0,"0","TFF1"
0,4.85045125726825,0.469,0.014,0,"0","C1orf64"
0,4.76751023650397,0.556,0.043,0,"0","PIP"
0,4.71550564324539,0.27,0.015,0,"0","SCUBE2"
0,4.71473661328334,0.664,0.041,0,"0","AGR3"
0,4.64540878362963,0.252,0.013,0,"0","AKR7A3"
0,4.60194482104523,0.509,0.027,0,"0","ESR1"
0,4.54500921316333,0.517,0.023,0,"0","FOXA1"
0,4.50378866685941,0.67,0.028,0,"0","ANKRD30A"
0,4.48124702162108,0.79,0.073,0,"0","AGR2"
0,4.46062929294827,0.328,0.012,0,"0","PRR15"
0,4.45347803777616,0.611,0.044,0,"0","MUC1"
0,4.42706644785537,0.949,0.14,0,"0","AZGP1"
0,4.38927174714389,0.272,0.009,0,"0","GATA3-AS1"
0,4.36850736794532,0.265,0.012,0,"0","CYP4Z1"
0,4.36265912840635,0.395,0.042,0,"0","STC2"
0,4.35470078927393,0.7,0.037,0,"0","DEGS2"
0,4.18599364251408,0.576,0.035,0,"0","LRRC26"
0,4.18069503341277,0.41,0.026,0,"0","NUPR2"
0,4.17905114818598,0.277,0.013,0,"0","ERBB4"
0,5.91710147571105,0.424,0.029,0,"1","GNLY"
0,5.63774027641973,0.454,0.018,0,"1","GZMH"
0,5.62371405556241,0.39,0.016,0,"1","XCL2"
0,5.53930606144414,0.499,0.023,0,"1","KLRD1"
0,5.20409579378013,0.873,0.069,0,"1","NKG7"
0,4.95531188348953,0.538,0.032,0,"1","GZMB"
0,4.90077998801113,0.395,0.026,0,"1","XCL1"
0,4.72875390424376,0.408,0.033,0,"1","PRF1"
0,4.66449973178148,0.264,0.022,0,"1","CRTAM"
0,4.55979137247936,0.421,0.026,0,"1","ZNF683"
0,4.27547988914162,0.659,0.059,0,"1","CTSW"
0,4.2675053827766,0.297,0.02,0,"1","RP11-291B21.2"
0,4.19376900692417,0.572,0.051,0,"1","CD8A"
0,4.18059555512098,0.804,0.138,0,"1","CCL4"
0,3.96787965568289,0.468,0.042,0,"1","CD8B"
0,3.93895695305497,0.66,0.078,0,"1","GZMA"
0,3.93334134381705,0.39,0.044,0,"1","IFNG"
0,3.87233715415619,0.932,0.19,0,"1","CCL5"
0,3.75827427462297,0.417,0.074,0,"1","CCL4L2"
0,3.43980160878116,0.726,0.116,0,"1","CST7"
0,3.66584541845376,0.293,0.029,0,"2","CD40LG"
0,3.04398420836666,0.438,0.072,0,"2","CCR7"
0,2.90072618966089,0.855,0.186,0,"2","IL7R"
0,2.47273346577832,0.303,0.062,0,"2","TRAT1"
0,2.20985903256556,0.494,0.149,0,"2","GPR183"
0,2.19626494236374,0.265,0.07,0,"2","CAMK4"
0,2.05342298252255,0.281,0.081,0,"2","CD6"
0,2.05081392199508,0.282,0.081,0,"2","ITK"
0,2.00383887144699,0.298,0.104,0,"2","SELL"
0,1.95936759361918,0.323,0.086,0,"2","KLRB1"
0,1.95033707964402,0.719,0.462,0,"2","ANXA1"
0,1.91188015667729,0.264,0.115,0,"2","FLT3LG"
0,1.86770511080366,0.594,0.18,0,"2","LTB"
0,1.85742204936811,0.306,0.094,0,"2","ICOS"
0,1.83947021499912,0.855,0.388,0,"2","CXCR4"
0,1.83934887074485,0.345,0.154,0,"2","PTGER4"
0,1.78241462501575,0.37,0.158,0,"2","ARHGAP15"
0,1.70987063561365,0.579,0.364,0,"2","LEPROTL1"
0,1.68827229570627,0.617,0.383,0,"2","CREM"
0,1.68718724072565,0.303,0.157,0,"2","PIK3IP1"
0,6.51168445473282,0.336,0.008,0,"3","FOXP3"
0,4.60380171484352,0.263,0.026,0,"3","IL2RA"
0,4.59156956469228,0.516,0.061,0,"3","TNFRSF4"
0,4.58473187470715,0.511,0.036,0,"3","CTLA4"
0,4.47324919716729,0.312,0.027,0,"3","AC133644.2"
0,4.11520331722019,0.491,0.077,0,"3","TNFRSF18"
0,3.70622255222404,0.253,0.071,0,"3","CXCL13"
0,3.60991294885599,0.594,0.072,0,"3","TIGIT"
0,3.59520887691671,0.265,0.033,0,"3","TNFRSF9"
0,3.55953282416517,0.589,0.156,0,"3","BATF"
0,3.37819507658419,0.325,0.091,0,"3","TBC1D4"
0,3.24823729741866,0.334,0.095,0,"3","GK"
0,2.94145329352031,0.509,0.083,0,"3","ICOS"
0,2.87574765059886,0.291,0.045,0,"3","SIRPG"
0,2.80528561776984,0.261,0.04,0,"3","CD28"
0,2.73527146967985,0.667,0.186,0,"3","LTB"
0,2.68105345936441,0.54,0.118,0,"3","CD27"
0,2.63419512269553,0.497,0.197,0,"3","CARD16"
0,2.63344820024347,0.56,0.126,0,"3","SPOCK2"
0,2.46732412048798,0.579,0.156,0,"3","TRAC"
0,2.44583882972596,0.377,0.08,0,"4","GZMK"
0,2.08263320796848,0.732,0.221,0,"4","IL7R"
0,2.03294317293114,0.782,0.282,0,"4","CD69"
0,1.98948183509384,0.296,0.077,0,"4","CD8B"
0,1.93612692528326,0.498,0.267,0,"4","TUBA4A"
0,1.93121645558047,0.275,0.113,0,"4","PARP8"
0,1.91380766550826,0.302,0.088,0,"4","GZMM"
0,1.79093320511897,0.264,0.095,0,"4","STAT4"
0,1.78611425015442,0.689,0.366,0,"4","RGCC"
0,1.78489214889701,0.373,0.092,0,"4","CD8A"
0,1.78205053738743,0.268,0.099,0,"4","KLRB1"
0,1.77737278951452,0.818,0.237,0,"4","CCL5"
0,1.76832731258225,0.259,0.173,0,"4","LYAR"
0,1.75316860776019,0.351,0.161,0,"4","PTGER4"
0,1.72938742499111,0.73,0.367,0,"4","DUSP2"
0,1.69760371164836,0.366,0.129,0,"4","CD96"
0,1.69560184702011,0.771,0.424,0,"4","TNFAIP3"
0,1.68435315369353,0.714,0.472,0,"4","ANXA1"
0,1.677176974628,0.483,0.164,0,"4","CST7"
0,1.66806931574656,0.84,0.408,0,"4","CXCR4"
0,7.28274424997778,0.289,0.003,0,"5","CD209"
0,7.19158603326223,0.256,0.003,0,"5","TMIGD3"
0,7.11145551639141,0.481,0.008,0,"5","FOLR2"
0,6.61369429265134,0.926,0.037,0,"5","C1QC"
0,6.60241014007781,0.928,0.045,0,"5","C1QB"
0,6.55778588332734,0.931,0.044,0,"5","C1QA"
0,6.47689061509187,0.689,0.011,0,"5","MSR1"
0,6.36032767725848,0.666,0.013,0,"5","MS4A4A"
0,6.35522135495455,0.821,0.066,0,"5","APOC1"
0,6.29365712447843,0.595,0.013,0,"5","TREM2"
0,6.27382758670644,0.449,0.007,0,"5","SIGLEC1"
0,6.27051348481806,0.445,0.016,0,"5","F13A1"
0,6.24942868325965,0.666,0.016,0,"5","SLCO2B1"
0,6.20031995150795,0.646,0.013,0,"5","CD163"
0,6.1488405649028,0.32,0.006,0,"5","LINC01094"
0,6.05187053680852,0.527,0.01,0,"5","GPR34"
0,5.9131581185232,0.506,0.013,0,"5","MRC1"
0,5.85888008781187,0.589,0.013,0,"5","VSIG4"
0,5.69099047334918,0.335,0.008,0,"5","SDS"
0,5.55431602889225,0.72,0.021,0,"5","CSF1R"
0,6.58417426936076,0.276,0.006,0,"6","C2orf82"
0,5.222922268756,0.409,0.015,0,"6","SAA2"
0,5.17704627344048,0.256,0.005,0,"6","ROPN1B"
0,5.13540020928104,0.389,0.015,0,"6","LCN2"
0,5.10864240080511,0.429,0.015,0,"6","GABRP"
0,5.0227874353599,0.662,0.057,0,"6","KRT15"
0,4.98602676581433,0.316,0.011,0,"6","KLK5"
0,4.90998976920856,0.411,0.022,0,"6","MMP7"
0,4.83002290908937,0.417,0.018,0,"6","ELF5"
0,4.79688469769609,0.402,0.017,0,"6","KRT6B"
0,4.72925797963672,0.53,0.037,0,"6","SAA1"
0,4.59955954204719,0.258,0.008,0,"6","KIT"
0,4.59034614480537,0.394,0.02,0,"6","KRT16"
0,4.5482743064125,0.465,0.038,0,"6","CCL28"
0,4.49681106543753,0.285,0.012,0,"6","KLK6"
0,4.44363568015496,0.27,0.013,0,"6","TTYH1"
0,4.20822147008273,0.675,0.054,0,"6","SFRP1"
0,4.13182451541168,0.254,0.062,0,"6","PTN"
0,4.02255971873039,0.387,0.023,0,"6","PROM1"
0,3.91761695519028,0.41,0.067,0,"6","LTF"
0,2.46758362572758,0.258,0.144,0,"7","SCGB2A2"
0,2.20852527643098,0.323,0.172,0,"7","PFN2"
0,2.18608879561681,0.754,0.29,0,"7","CD24"
0,2.15596310082126,0.665,0.23,0,"7","MGST1"
0,2.05630381044483,0.422,0.15,0,"7","S100A14"
0,2.00188655096812,0.378,0.172,0,"7","RAB25"
0,1.99578258052859,0.533,0.416,0,"7","PFDN2"
0,1.98575426683794,0.456,0.191,0,"7","EPCAM"
0,1.96925294956361,0.63,0.229,0,"7","KRT7"
0,1.90568830023828,0.299,0.164,0,"7","PYCR1"
0,1.86429659319944,0.431,0.29,0,"7","HMGA1"
0,1.79597158661688,0.35,0.163,0,"7","SMIM22"
0,1.75907867381768,0.497,0.305,0,"7","NME4"
0,1.74707209221401,0.388,0.246,0,"7","S100A16"
0,1.71211937028274,0.311,0.109,0,"7","CALML5"
0,1.69957233200766,0.45,0.21,0,"7","FXYD3"
0,1.67145010698961,0.269,0.171,0,"7","NQO1"
0,1.66839873176826,0.637,0.432,0,"7","MARCKSL1"
0,1.6680606384885,0.743,0.27,0,"7","KRT18"
0,1.64064370352608,0.661,0.373,0,"7","TSTD1"
0,8.21607053932369,0.94,0.026,0,"8","ACKR1"
0,7.97902248068378,0.467,0.005,0,"8","SELE"
0,7.92408119659124,0.311,0.002,0,"8","RAB3C"
0,7.75883472102432,0.526,0.004,0,"8","SELP"
0,6.89643037176834,0.58,0.008,0,"8","CCL14"
0,6.60949805585393,0.392,0.007,0,"8","TLL1"
0,6.39636637805649,0.316,0.007,0,"8","LHX6"
0,6.0675464873174,0.427,0.014,0,"8","ADM5"
0,6.03490110138294,0.72,0.03,0,"8","ZNF385D"
0,5.87725589455633,0.652,0.022,0,"8","TSPAN7"
0,5.85969079312394,0.367,0.01,0,"8","DOC2B"
0,5.6059987962971,0.914,0.036,0,"8","VWF"
0,5.54054910406038,0.389,0.008,0,"8","MEOX1"
0,5.36811300803639,0.86,0.036,0,"8","RAMP3"
0,5.35157181395342,0.724,0.023,0,"8","CXorf36"
0,5.19810243783414,0.872,0.054,0,"8","AQP1"
0,5.1921710016548,0.281,0.009,0,"8","CYTL1"
0,5.17983162453085,0.45,0.017,0,"8","SLCO2A1"
0,5.09132547001768,0.265,0.013,0,"8","CNTNAP3B"
0,5.06493166538873,0.94,0.049,0,"8","PLVAP"
0,6.27519958731031,0.421,0.007,0,"9","AURKB"
0,6.27040554741521,0.291,0.004,0,"9","HJURP"
0,6.21958943028738,0.255,0.004,0,"9","KIF15"
0,6.16379572106537,0.617,0.015,0,"9","RRM2"
0,6.1524958582839,0.356,0.006,0,"9","DLGAP5"
0,6.1226779367391,0.737,0.026,0,"9","UBE2C"
0,6.08443882236999,0.444,0.01,0,"9","PLK1"
0,6.04127781751868,0.49,0.011,0,"9","ASPM"
0,6.03669828460399,0.3,0.007,0,"9","HIST1H1B"
0,5.88403006544469,0.414,0.009,0,"9","CENPA"
0,5.88320073554402,0.389,0.006,0,"9","SPC25"
0,5.85407849618986,0.406,0.008,0,"9","GTSE1"
0,5.8070813832987,0.462,0.009,0,"9","CCNA2"
0,5.80276058966201,0.679,0.019,0,"9","MKI67"
0,5.73517470928752,0.348,0.007,0,"9","CKAP2L"
0,5.7326811696537,0.341,0.006,0,"9","KIF2C"
0,5.73023301020366,0.428,0.01,0,"9","CDCA3"
0,5.7174568288341,0.32,0.007,0,"9","DEPDC1"
0,5.7173970901828,0.517,0.015,0,"9","PKMYT1"
0,5.66804247064862,0.29,0.006,0,"9","NEK2"
0,9.20498195005233,0.358,0.031,0,"10","IGHV6-1"
0,9.17433034770952,0.394,0.012,0,"10","IGKV3D-11"
0,9.1718344059909,0.313,0.016,0,"10","IGKV1-16"
0,9.05599826535986,0.386,0.012,0,"10","IGKV1-8"
0,8.96174263865569,0.277,0.023,0,"10","CH17-224D4.2"
0,8.82464255247336,0.364,0.03,0,"10","IGLV2-23"
0,8.81473120243858,0.634,0.071,0,"10","IGKV3-15"
0,8.74222738691025,0.426,0.031,0,"10","IGHV3-23"
0,8.73706937348953,0.318,0.005,0,"10","IGKV1D-39"
0,8.6873200800438,0.335,0.008,0,"10","IGKV1-27"
0,8.64686352861364,0.315,0.012,0,"10","IGKV1-17"
0,8.64231019772074,0.864,0.107,0,"10","IGHG1"
0,8.62754246626957,0.34,0.013,0,"10","IGHG2"
0,8.61496650951579,0.439,0.008,0,"10","IGKV1-12"
0,8.60328122481642,0.269,0.009,0,"10","IGKV1-6"
0,8.54478080073924,0.408,0.05,0,"10","IGLV3-25"
0,8.54457811010464,0.303,0.024,0,"10","IGLV1-47"
0,8.41113876967893,0.497,0.062,0,"10","IGLV1-40"
0,8.35650916334745,0.634,0.068,0,"10","IGKV1-9"
0,8.33767498222882,0.332,0.031,0,"10","IGLV1-44"
0,7.03696485367169,0.317,0.003,0,"11","FIGF"
0,6.82349188387611,0.263,0.006,0,"11","ADH1B"
0,6.53506319578531,0.903,0.156,0,"11","APOD"
0,6.28551656815232,0.364,0.01,0,"11","ABCA8"
0,6.2119677940055,0.4,0.014,0,"11","GPC3"
0,6.02546259203762,0.414,0.013,0,"11","ABCA6"
0,6.00643224749548,0.306,0.01,0,"11","SVEP1"
0,5.99025037375296,0.385,0.011,0,"11","OGN"
0,5.57891072605025,0.975,0.087,0,"11","DCN"
0,5.56670988753225,0.343,0.013,0,"11","ABI3BP"
0,5.56061616284982,0.578,0.067,0,"11","C3"
0,5.45438953944808,0.648,0.047,0,"11","SRPX"
0,5.41294132346476,0.419,0.024,0,"11","NR2F1"
0,5.39982831731597,0.621,0.038,0,"11","PTGDS"
0,5.3757679866741,0.385,0.017,0,"11","LAMA2"
0,5.36777800593664,0.58,0.056,0,"11","IGFBP6"
0,5.36754114505457,0.653,0.03,0,"11","MEG3"
0,5.24527506548947,0.559,0.032,0,"11","PDGFRL"
0,5.24258077723806,0.279,0.022,0,"11","SFRP4"
0,5.23036002184501,0.446,0.021,0,"11","PDGFRA"
0,7.23743694451615,0.365,0.005,0,"12","SEMA3G"
0,7.23465053255252,0.506,0.007,0,"12","BTNL9"
0,6.28404875525347,0.497,0.012,0,"12","KDR"
0,6.16897885262787,0.522,0.014,0,"12","DLL4"
0,6.06222137306987,0.668,0.024,0,"12","NOTCH4"
0,5.95736856652347,0.339,0.008,0,"12","GPIHBP1"
0,5.80735099222612,0.486,0.026,0,"12","HEY1"
0,5.79085398686634,0.442,0.013,0,"12","SOX18"
0,5.74935487919433,0.466,0.02,0,"12","MECOM"
0,5.72854110210617,0.695,0.048,0,"12","PODXL"
0,5.64240790870368,0.663,0.062,0,"12","RBP7"
0,5.602749542289,0.293,0.011,0,"12","HECW2"
0,5.41281471675455,0.549,0.053,0,"12","IGFBP3"
0,5.40466282841528,0.758,0.102,0,"12","SLC9A3R2"
0,5.38788751831084,0.671,0.026,0,"12","CDH5"
0,5.38429551008235,0.307,0.009,0,"12","BCL6B"
0,5.37770750491533,0.575,0.019,0,"12","SOX17"
0,5.36998455306534,0.685,0.037,0,"12","FLT1"
0,5.26929204090758,0.307,0.016,0,"12","VEGFC"
0,5.19739598895151,0.4,0.022,0,"12","JAG2"
0,8.3472132717743,0.411,0.004,0,"13","VPREB3"
0,7.88900629947414,0.523,0.008,0,"13","BANK1"
0,7.72218667090531,0.83,0.011,0,"13","MS4A1"
0,7.68014951674571,0.275,0.004,0,"13","FCRLA"
0,7.17394166542529,0.331,0.006,0,"13","CD19"
0,6.81078311025051,0.356,0.014,0,"13","LINC00926"
0,6.76744785874904,0.281,0.006,0,"13","TNFRSF13C"
0,6.70917791095721,0.253,0.005,0,"13","BLK"
0,5.35376433641234,0.792,0.049,0,"13","CD79A"
0,5.10729428198844,0.396,0.038,0,"13","ADAM28"
0,4.63484092960951,0.392,0.047,0,"13","ARHGAP24"
0,4.45845976309025,0.331,0.047,0,"13","HVCN1"
0,4.44705963643615,0.459,0.061,0,"13","CD79B"
0,3.91332357015098,0.321,0.053,0,"13","MARCH1"
0,3.89552567623432,0.387,0.089,0,"13","RALGPS2"
0,3.8138778273119,0.432,0.065,0,"13","IRF8"
0,3.80951497258338,0.327,0.046,0,"13","LY9"
0,3.76578692735669,0.252,0.06,0,"13","BLNK"
0,3.53790144020174,0.663,0.169,0,"13","CD83"
0,3.50586104905631,0.416,0.085,0,"13","POU2F2"
0,9.26484563701631,0.407,0.002,0,"14","COL11A1"
0,8.37393227076785,0.631,0.004,0,"14","COL10A1"
0,8.18317151849602,0.363,0.002,0,"14","PLPP4"
0,8.14781516708633,0.412,0.002,0,"14","LRRC15"
0,7.89372207890808,0.685,0.029,0,"14","MMP11"
0,7.39828344046807,0.344,0.003,0,"14","FNDC1"
0,7.03699383228727,0.291,0.003,0,"14","RP11-417E7.2"
0,7.03043896110196,0.378,0.006,0,"14","COMP"
0,6.50613595685722,0.444,0.009,0,"14","CILP"
0,6.42022537242339,0.993,0.127,0,"14","COL1A1"
0,6.37938443757162,0.933,0.073,0,"14","CTHRC1"
0,6.2984217511754,0.935,0.062,0,"14","POSTN"
0,6.09926606117294,0.365,0.007,0,"14","ITGA11"
0,6.0626144886933,0.63,0.024,0,"14","COL8A1"
0,6.04283623358645,0.647,0.023,0,"14","ASPN"
0,6.03457645304001,0.341,0.007,0,"14","NTM"
0,6.00538760187479,0.993,0.116,0,"14","COL1A2"
0,5.95779694081795,0.837,0.031,0,"14","COL5A1"
0,5.93628834076721,0.986,0.095,0,"14","COL3A1"
0,5.91164688240947,0.73,0.022,0,"14","THBS2"
0,9.21400930427367,0.61,0.008,0,"15","RERGL"
0,7.98074878527931,0.471,0.003,0,"15","CASQ2"
0,7.53440742279955,0.648,0.01,0,"15","PLN"
0,7.30345249331649,0.518,0.007,0,"15","WFDC1"
0,7.25015511718016,0.337,0.003,0,"15","SGCA"
0,6.75512419169113,0.319,0.006,0,"15","KCNAB1"
0,6.61527955569228,0.73,0.02,0,"15","MYH11"
0,6.25621311592787,0.333,0.006,0,"15","FHL5"
0,6.15339630929901,0.31,0.006,0,"15","OR51E1"
0,5.99559219356986,0.354,0.012,0,"15","RBPMS2"
0,5.98092487057741,0.289,0.006,0,"15","NRIP2"
0,5.81348418988241,0.347,0.011,0,"15","TBX2-AS1"
0,5.43307581970115,0.541,0.025,0,"15","MAP3K7CL"
0,5.32064743155368,0.272,0.009,0,"15","AVPR1A"
0,5.2284927817559,0.556,0.027,0,"15","LMOD1"
0,5.18523891187031,0.449,0.019,0,"15","RASL12"
0,5.18444668500669,0.582,0.088,0,"15","SORBS2"
0,5.1619690541826,0.535,0.026,0,"15","RCAN2"
0,5.12286331731389,0.354,0.011,0,"15","CDH6"
0,5.07573170731649,0.411,0.015,0,"15","LGI4"
0,7.38523886197749,0.566,0.012,0,"16","FCN1"
0,6.42556837314145,0.285,0.005,0,"16","CD300E"
0,6.33276100364245,0.556,0.015,0,"16","LGALS2"
0,6.18410957545677,0.336,0.012,0,"16","EREG"
0,5.97954327481555,0.282,0.01,0,"16","APOBEC3A"
0,5.83678614832663,0.325,0.01,0,"16","CFP"
0,5.76331224721894,0.414,0.016,0,"16","CLEC10A"
0,5.6806170892022,0.284,0.018,0,"16","RP11-1143G9.4"
0,5.30365911381003,0.631,0.039,0,"16","IL1B"
0,5.028758861346,0.444,0.023,0,"16","FPR1"
0,4.90207115097907,0.29,0.016,0,"16","TREM1"
0,4.8758727858629,0.256,0.011,0,"16","LILRA2"
0,4.83037023396095,0.4,0.049,0,"16","G0S2"
0,4.72094940651793,0.932,0.11,0,"16","LYZ"
0,4.58714524883982,0.837,0.077,0,"16","LST1"
0,4.4733964912342,0.281,0.026,0,"16","LINC01272"
0,4.41513196158516,0.365,0.027,0,"16","CSF2RA"
0,4.38864938725862,0.451,0.031,0,"16","OLR1"
0,4.36724313077321,0.29,0.023,0,"16","C19orf38"
0,4.3108035244436,0.393,0.029,0,"16","CLEC4A"
0,6.03028511134415,0.511,0.02,0,"17","KCNJ8"
0,5.96731753916213,0.434,0.014,0,"17","ABCC9"
0,5.93878391517236,0.437,0.014,0,"17","FAM162B"
0,5.8661413718792,0.784,0.046,0,"17","RGS5"
0,5.53503793623119,0.513,0.018,0,"17","HIGD1B"
0,5.50018588663753,0.483,0.026,0,"17","CCDC102B"
0,5.34603002512154,0.525,0.047,0,"17","STEAP4"
0,5.32838014696055,0.538,0.023,0,"17","COX4I2"
0,5.02579686253917,0.256,0.011,0,"17","EBF2"
0,4.96121488656434,0.319,0.015,0,"17","PDE1A"
0,4.93830307460456,0.355,0.019,0,"17","GJC1"
0,4.84212698505006,0.354,0.017,0,"17","ENPEP"
0,4.76510437321077,0.305,0.014,0,"17","CDH6"
0,4.76297382187852,0.761,0.055,0,"17","NDUFA4L2"
0,4.68391021168165,0.293,0.024,0,"17","CYGB"
0,4.5948611353103,0.315,0.022,0,"17","COL5A3"
0,4.53482433568323,0.341,0.019,0,"17","LGI4"
0,4.5245441773595,0.342,0.026,0,"17","SSTR2"
0,4.44185894112722,0.485,0.045,0,"17","TPPP3"
0,4.42308673177858,0.382,0.03,0,"17","FAM13C"
0,8.41122789616602,0.476,0.007,0,"18","OXTR"
0,7.8544725970491,0.931,0.044,0,"18","KRT14"
0,7.56002177895737,0.452,0.007,0,"18","CALML3"
0,7.53569735817834,0.509,0.006,0,"18","COL17A1"
0,7.30324895215061,0.27,0.002,0,"18","DLK2"
0,7.16677105962029,0.351,0.011,0,"18","SYT8"
0,6.88371686365951,0.322,0.006,0,"18","TP63"
0,6.6105010202095,0.654,0.02,0,"18","TNS4"
0,6.43730625408187,0.913,0.048,0,"18","KRT17"
0,6.37359592060445,0.279,0.009,0,"18","IRX4"
0,6.35645630477323,0.885,0.043,0,"18","KRT5"
0,6.19412003711254,0.362,0.014,0,"18","TUBB2B"
0,6.1813616685904,0.632,0.029,0,"18","ACTG2"
0,5.85439791686149,0.635,0.03,0,"18","CNN1"
0,5.75009389613895,0.283,0.012,0,"18","FHOD3"
0,5.740411630097,0.639,0.037,0,"18","TRIM29"
0,5.72510540061824,0.402,0.013,0,"18","STAC2"
0,5.60083489580197,0.466,0.031,0,"18","CDH3"
0,5.59261151090028,0.867,0.095,0,"18","MYLK"
0,5.49896877019915,0.327,0.019,0,"18","LAMC2"
0,4.59914225152931,0.432,0.058,0,"19","SPP1"
0,4.58973181633394,0.376,0.015,0,"19","ESCO2"
0,4.35772070014148,0.407,0.02,0,"19","SHCBP1"
0,4.33868084666413,0.521,0.022,0,"19","GTSE1"
0,4.11045680260207,0.624,0.036,0,"19","TOP2A"
0,4.09835882275377,0.476,0.027,0,"19","UHRF1"
0,4.09740437870926,0.318,0.018,0,"19","DEPDC1"
0,4.09401848365735,0.44,0.023,0,"19","HMMR"
0,4.08919368988925,0.435,0.02,0,"19","CEP55"
0,4.04612583989808,0.735,0.043,0,"19","MKI67"
0,4.02881918866522,0.797,0.067,0,"19","TYMS"
0,4.01630304759336,0.351,0.016,0,"19","KIF11"
0,3.99425853871392,0.273,0.012,0,"19","CIT"
0,3.9725349869644,0.398,0.019,0,"19","NCAPG"
0,3.93379386948542,0.565,0.044,0,"19","RAD51AP1"
0,3.92943826303476,0.426,0.022,0,"19","FOXM1"
0,3.88481157404244,0.334,0.015,0,"19","CLEC5A"
0,3.88142940641465,0.63,0.037,0,"19","RRM2"
0,3.85700147481806,0.482,0.025,0,"19","CCNA2"
0,3.84610803383203,0.37,0.019,0,"19","CKAP2L"
0,12.8768077945616,0.261,0,0,"20","RP11-73G16.2"
0,11.6051894651588,0.667,0,0,"20","CLEC4C"
0,11.1107500976843,0.67,0.001,0,"20","PTCRA"
0,10.7372387607257,0.336,0.001,0,"20","SHD"
0,10.3004279792675,0.89,0.003,0,"20","LILRA4"
0,8.60328822473807,0.629,0.004,0,"20","SCT"
0,7.57374688113515,0.352,0.002,0,"20","RP11-117D22.2"
0,7.40853308449013,0.355,0.003,0,"20","PACSIN1"
0,7.00506427205161,0.676,0.01,0,"20","SMPD3"
0,6.52055979969571,0.814,0.021,0,"20","PLD4"
0,6.35606409653461,0.626,0.01,0,"20","SPIB"
0,6.34785349222062,0.481,0.014,0,"20","SMIM5"
0,6.22641602394413,0.491,0.009,0,"20","TCL1A"
0,6.19936379557235,0.723,0.02,0,"20","C1orf186"
0,6.08759192096896,0.569,0.025,0,"20","MYBL2"
0,5.94858241639067,0.516,0.017,0,"20","ZFAT"
0,5.84296057952764,0.566,0.009,0,"20","LINC00996"
0,5.81333825067048,0.314,0.009,0,"20","PHEX"
0,5.53013371424119,0.56,0.056,0,"20","PTGDS"
0,5.48883270954029,0.575,0.009,0,"20","FAM129C"
0,9.18049708018415,0.793,0.014,0,"21","CCL21"
0,7.81608900628015,0.771,0.012,0,"21","MMRN1"
0,7.80795171414629,0.557,0.009,0,"21","PROX1"
0,7.70378306685671,0.257,0.002,0,"21","KLHL4"
0,7.56849658997215,0.257,0.002,0,"21","ART4"
0,7.32516854901749,0.407,0.006,0,"21","SCN3B"
0,7.23581317343038,0.386,0.003,0,"21","GPM6A"
0,7.22977159165071,0.336,0.003,0,"21","RP11-322E11.5"
0,6.8921962295666,0.386,0.005,0,"21","SEMA3D"
0,6.88150095778534,0.343,0.004,0,"21","RELN"
0,6.76845927710601,0.336,0.008,0,"21","SEMA3A"
0,6.32594460999663,0.343,0.007,0,"21","PKHD1L1"
0,6.16445952199238,0.421,0.017,0,"21","TBX1"
0,6.15461447273942,0.321,0.012,0,"21","ACKR2"
0,5.64851079050973,0.486,0.014,0,"21","FLT4"
0,5.57692637907248,0.793,0.08,0,"21","EFEMP1"
0,5.45710269440942,0.664,0.03,0,"21","PDPN"
0,5.39202765918536,0.393,0.018,0,"21","LYVE1"
0,5.33002490117292,0.914,0.115,0,"21","TFPI"
0,5.28830292441282,0.293,0.012,0,"21","PTX3"
0,11.6386761090973,0.324,0,0,"22","CD5L"
0,7.01948976907677,0.441,0.006,0,"22","FGF5"
0,6.7051268883872,0.529,0.008,0,"22","HMGA2"
0,5.93777912830572,0.941,0.066,0,"22","SERPINE1"
0,5.92044847212523,0.588,0.022,0,"22","ANLN"
0,5.54390435454334,0.471,0.019,0,"22","DEPDC1"
0,5.50190429691458,0.265,0.02,0,"22","SMOC1"
0,5.31475154824918,0.529,0.027,0,"22","HGF"
0,5.28968090769049,0.353,0.017,0,"22","PQLC2L"
0,5.24927515097495,0.265,0.016,0,"22","HJURP"
0,5.21842812258469,0.5,0.026,0,"22","CDCA3"
0,5.16511473390667,0.294,0.02,0,"22","CDCA2"
0,5.14805458764525,0.265,0.013,0,"22","ADAMTSL1"
0,5.06631154107258,0.324,0.023,0,"22","DIAPH3"
0,4.91983352743388,0.618,0.026,0,"22","DKK1"
0,4.86411820715121,0.294,0.023,0,"22","POLR3G"
0,4.8588528881342,0.676,0.055,0,"22","CCNB1"
0,4.76828914031827,0.765,0.084,0,"22","KCNMA1"
0,4.71408151558379,0.618,0.05,0,"22","CDK1"
0,4.56435864677517,0.294,0.031,0,"22","RP11-124N14.3"
