"PC","Rank","Gene","Loading"
"PC1",1,"SPARC",0.0867318670586837
"PC1",2,"IGFBP7",0.0825396630304147
"PC1",3,"CALD1",0.0819475379579066
"PC1",4,"COL1A2",0.0767550131456922
"PC1",5,"COL6A2",0.0765434779753252
"PC1",6,"SPARCL1",0.0762894382508405
"PC1",7,"IGFBP4",0.076142337125137
"PC1",8,"BGN",0.0750541599164883
"PC1",9,"COL1A1",0.0738642563388903
"PC1",10,"SERPING1",0.0731828492490738
"PC1",11,"COL3A1",0.0730208849578154
"PC1",12,"COL6A1",0.072718191272073
"PC1",13,"GSN",0.07061083674852
"PC1",14,"NNMT",0.0698743631864018
"PC1",15,"MYL9",0.0696269197096521
"PC1",16,"C1S",0.0695907110038944
"PC1",17,"TIMP3",0.0694710071153721
"PC1",18,"DCN",0.0688653398256027
"PC1",19,"PCOLCE",0.0687807582407761
"PC1",20,"FSTL1",0.0686772100230575
"PC2",1,"KRT19",0.0764978693446406
"PC2",2,"KRT18",0.0762262798335188
"PC2",3,"TYROBP",-0.076126608512444
"PC2",4,"AIF1",-0.0754798350388997
"PC2",5,"KRT8",0.0741968610215988
"PC2",6,"C1QA",-0.0736647000167727
"PC2",7,"FCER1G",-0.0734602270687604
"PC2",8,"CD68",-0.0734297638283221
"PC2",9,"C1QB",-0.0733729818944644
"PC2",10,"MS4A6A",-0.0732321084681553
"PC2",11,"C1QC",-0.0728811743431899
"PC2",12,"AZGP1",0.0726451218768658
"PC2",13,"ELF3",0.0717052001773945
"PC2",14,"CLDN4",0.0715637223741124
"PC2",15,"HLA-DPA1",-0.0704380593927778
"PC2",16,"CD74",-0.0701248851133012
"PC2",17,"FXYD3",0.0697334609626707
"PC2",18,"SPI1",-0.0697249858094699
"PC2",19,"CYBB",-0.0696319832764774
"PC2",20,"HLA-DPB1",-0.0677215699627113
"PC3",1,"C1QA",0.0744020533174952
"PC3",2,"C1QB",0.0737750303649149
"PC3",3,"MS4A7",0.073641777186893
"PC3",4,"C1QC",0.0732859577288939
"PC3",5,"CD68",0.0731344019949013
"PC3",6,"CTSB",0.0722993920415568
"PC3",7,"AIF1",0.0713644034149533
"PC3",8,"MS4A6A",0.0707003339040781
"PC3",9,"CD14",0.069903065459804
"PC3",10,"GRN",0.0696658726781814
"PC3",11,"SERPINA1",0.068802473681521
"PC3",12,"CST3",0.0680688748397732
"PC3",13,"FCGR2A",0.0679470401528794
"PC3",14,"CYBB",0.0676376405380936
"PC3",15,"SPI1",0.0668613047920536
"PC3",16,"CSF1R",0.0663673010400108
"PC3",17,"CTSZ",0.0662255155336333
"PC3",18,"PSAP",0.0659888613417596
"PC3",19,"TYROBP",0.0659228565603378
"PC3",20,"LYZ",0.065828264319127
"PC4",1,"RAMP2",-0.101663002334845
"PC4",2,"PLVAP",-0.100345299480646
"PC4",3,"VWF",-0.0995850957126445
"PC4",4,"EMCN",-0.0995182190308522
"PC4",5,"ADGRL4",-0.0986050020719056
"PC4",6,"CLEC14A",-0.0963950132040324
"PC4",7,"AQP1",-0.0959544234214975
"PC4",8,"PECAM1",-0.0933637578126766
"PC4",9,"EGFL7",-0.0916534858522272
"PC4",10,"RAMP3",-0.0912037644819841
"PC4",11,"CLDN5",-0.0893658001799561
"PC4",12,"CYYR1",-0.0884345257137409
"PC4",13,"CXorf36",-0.0883694824749607
"PC4",14,"ESAM",-0.0865162853142835
"PC4",15,"PALMD",-0.0850170382758957
"PC4",16,"CDH5",-0.0846412843185199
"PC4",17,"MMRN2",-0.0843213270719381
"PC4",18,"PTPRB",-0.0839406766282446
"PC4",19,"ACKR1",-0.083291270880572
"PC4",20,"CD34",-0.0825341134633373
"PC5",1,"AGR3",-0.0886425675215745
"PC5",2,"UBE2C",0.086699670289377
"PC5",3,"BIRC5",0.0855398704255653
"PC5",4,"ANKRD30A",-0.0842589804411448
"PC5",5,"MKI67",0.0836793404899299
"PC5",6,"TK1",0.0827451487436764
"PC5",7,"STMN1",0.0796960181967214
"PC5",8,"CENPF",0.0784081204797975
"PC5",9,"AGR2",-0.0759606070137652
"PC5",10,"CDC20",0.0748325749713029
"PC5",11,"TPX2",0.0746736108844575
"PC5",12,"TYMS",0.0743987786909301
"PC5",13,"C1orf64",-0.0734426088070343
"PC5",14,"ESR1",-0.0729366536250283
"PC5",15,"RRM2",0.0722725844835038
"PC5",16,"KLK6",0.0719492004301115
"PC5",17,"CCNB2",0.0717226777695684
"PC5",18,"C6orf15",0.070935236535409
"PC5",19,"NUSAP1",0.0707108972612096
"PC5",20,"UBE2T",0.0704415302391238
"PC6",1,"NDUFA4L2",0.123009118129211
"PC6",2,"RGS5",0.109289641918553
"PC6",3,"PPP1R14A",0.107422378663944
"PC6",4,"COX4I2",0.10720065450399
"PC6",5,"MYH11",0.102122293106409
"PC6",6,"ACTA2",0.0993483212039847
"PC6",7,"SEPT4",0.0981070350292009
"PC6",8,"NOTCH3",0.097965092191783
"PC6",9,"MCAM",0.0962361144196831
"PC6",10,"PLN",0.0958100524007097
"PC6",11,"SOD3",0.0922448639466045
"PC6",12,"HIGD1B",0.0921191980866408
"PC6",13,"WFDC1",0.0911913666106641
"PC6",14,"RERGL",0.0910859403115715
"PC6",15,"GJA4",0.0897904613291814
"PC6",16,"NTRK2",0.08920500994225
"PC6",17,"TINAGL1",0.0888378866949833
"PC6",18,"LGI4",0.0875595339066498
"PC6",19,"TPM2",0.0874474072277664
"PC6",20,"PGF",0.086889214000396
"PC7",1,"SAA1",0.108675524807358
"PC7",2,"KRT6B",0.0945263893041294
"PC7",3,"KLK6",0.0915233882177156
"PC7",4,"KRT14",0.0899484789589307
"PC7",5,"KRT5",0.0896169655909759
"PC7",6,"RARRES1",0.0893285315718227
"PC7",7,"SAA2",0.0878488723796188
"PC7",8,"SFRP1",0.0865560842440688
"PC7",9,"KLK5",0.0851116404142302
"PC7",10,"RRM2",-0.0847574567549359
"PC7",11,"LIN28B",-0.0816387506331671
"PC7",12,"MKI67",-0.0813795821664449
"PC7",13,"KRT15",0.0802079890330813
"PC7",14,"C6orf15",0.079611345015602
"PC7",15,"LEMD1",0.0785801703213466
"PC7",16,"TMSB15A",-0.0785453724991315
"PC7",17,"LCN2",0.0780351800756571
"PC7",18,"MIA",0.0779589480855242
"PC7",19,"KRT16",0.0778565278075287
"PC7",20,"TYMS",-0.0775284921556474
"PC8",1,"IGKV3-15",-0.0964556863938699
"PC8",2,"IGKV1-9",-0.0961896657629747
"PC8",3,"IGKV3-20",-0.0952827838222738
"PC8",4,"IGKV3-11",-0.0908219616505749
"PC8",5,"IGKV4-1",-0.086702025975302
"PC8",6,"DERL3",-0.0861896423199971
"PC8",7,"IGKV1-5",-0.0850550198186242
"PC8",8,"MZB1",-0.0833913381032273
"PC8",9,"CD24",-0.0825549562836738
"PC8",10,"IGHG1",-0.0804768620468442
"PC8",11,"DHRS2",0.0802807915049519
"PC8",12,"TOP2A",0.0784353100953176
"PC8",13,"UBE2C",0.0735322589047108
"PC8",14,"HMGB2",0.0714653443077356
"PC8",15,"IGLL5",-0.0711984845302078
"PC8",16,"MKI67",0.0705625908314096
"PC8",17,"IGLV1-40",-0.0704658515294011
"PC8",18,"IGLV3-1",-0.0702262312166531
"PC8",19,"ARMT1",0.0697630942132868
"PC8",20,"CDK1",0.069100766369252
"PC9",1,"MZB1",-0.135336126842738
"PC9",2,"IGHG1",-0.135313479454229
"PC9",3,"IGKC",-0.13190100905632
"PC9",4,"DERL3",-0.130407211612369
"PC9",5,"IGHG4",-0.123923810937025
"PC9",6,"JCHAIN",-0.117123437902882
"PC9",7,"IGLL5",-0.110866834746412
"PC9",8,"IGKV1-5",-0.109623759579552
"PC9",9,"CD79A",-0.108024754301128
"PC9",10,"IGKV1-9",-0.106787588279033
"PC9",11,"IGKV3-11",-0.102422246598177
"PC9",12,"IGKV3-15",-0.0982301254517987
"PC9",13,"IGKV3-20",-0.0977664441491982
"PC9",14,"IGLV3-1",-0.0933357824123435
"PC9",15,"JSRP1",-0.0931323114351771
"PC9",16,"IGHG3",-0.0930576034133254
"PC9",17,"TNFRSF17",-0.0925664768020193
"PC9",18,"IGKV1-12",-0.0891472858145054
"PC9",19,"IGKV4-1",-0.0859114167860408
"PC9",20,"POU2AF1",-0.0826498858754852
"PC10",1,"APOD",-0.095689437079077
"PC10",2,"SEPP1",-0.0902312337502602
"PC10",3,"GPC3",-0.0890589097470026
"PC10",4,"CFD",-0.0859190986113089
"PC10",5,"IGF1",-0.0817173288946218
"PC10",6,"MMP11",0.0815218016865606
"PC10",7,"FIGF",-0.0807420675815124
"PC10",8,"SDC1",0.0791144953954641
"PC10",9,"CXCL12",-0.0783239150592247
"PC10",10,"ADH1B",-0.0765193405013393
"PC10",11,"MFAP4",-0.0765010348587664
"PC10",12,"SRPX",-0.0742439502211632
"PC10",13,"S100A16",0.0733473752377039
"PC10",14,"PTGDS",-0.0729496924544397
"PC10",15,"S100A14",0.071995385480906
"PC10",16,"ALDH1A1",-0.0715834378232427
"PC10",17,"ABCA8",-0.0712838110841595
"PC10",18,"TNXB",-0.0711488980032107
"PC10",19,"FXYD1",-0.0711329220466126
"PC10",20,"SCGB2A2",0.070538073917777
